600015,hxyh,20.87,已进入下跌周期末端，可适当参与
000002,万科A,20.3,已进入下跌周期末端，可适当参与
000004,国农科技,93.97,上涨趋势确立，可重点参与
000005,世纪星源,96.79,上涨趋势确立，可重点参与
000006,深振业A,20.0,已进入上涨周期末端，注意风险
000007,全新好,71.04,上涨趋势确立，可重点参与
000008,神州高铁,20.2,已进入下跌周期末端，可适当参与
000009,中国宝安,92.45,上涨趋势确立，可重点参与
000010,*ST美丽,21.88,已进入下跌周期末端，可适当参与
000011,深物业A,20.0,已进入上涨周期末端，注意风险
000012,南玻A,20.02,已进入下跌周期末端，可适当参与
000014,沙河股份,20.0,已进入上涨周期末端，注意风险
000016,深康佳A,20.13,已进入下跌周期末端，可适当参与
000017,*ST中华A,64.15,刚进入上涨周期，可参与
000019,深粮控股,23.62,刚进入下跌周期，风险较大
000020,深华发A,83.78,上涨趋势确立，可重点参与
000021,深科技,20.0,已进入下跌周期末端，可适当参与
000023,深天地A,20.01,已进入下跌周期末端，可适当参与
000025,特力A,31.53,刚进入上涨周期，可参与
000026,飞亚达,99.67,刚进入上涨周期，可参与
000027,深圳能源,31.03,已进入下跌周期末端，可适当参与
000028,国药一致,31.15,已进入上涨周期末端，注意风险
000029,深深房A,20.09,已进入下跌周期末端，可适当参与
000030,富奥股份,20.0,已进入上涨周期末端，注意风险
000031,大悦城,50.06,刚进入上涨周期，可参与
000032,深桑达A,97.49,上涨趋势确立，可重点参与
000034,神州数码,20.55,已进入下跌周期末端，可适当参与
000035,中国天楹,95.35,上涨趋势确立，可重点参与
000036,华联控股,20.0,已进入上涨周期末端，注意风险
000037,深南电A,20.2,已进入下跌周期末端，可适当参与
000038,深大通,21.37,已进入下跌周期末端，可适当参与
000039,中集集团,95.27,上涨趋势确立，可重点参与
000040,东旭蓝天,23.4,已进入下跌周期末端，可适当参与
000042,中洲控股,20.01,已进入下跌周期末端，可适当参与
000045,深纺织A,79.49,上涨趋势确立，可重点参与
000046,泛海控股,97.43,上涨趋势确立，可重点参与
000048,京基智农,98.82,上涨趋势确立，可重点参与
000049,德赛电池,91.23,上涨趋势确立，可重点参与
000050,深天马A,39.21,刚进入上涨周期，可参与
000055,方大集团,35.19,刚进入上涨周期，可参与
000056,皇庭国际,68.24,上涨趋势确立，可重点参与
000058,深赛格,76.02,上涨趋势确立，可重点参与
000059,华锦股份,20.84,已进入下跌周期末端，可适当参与
000060,中金岭南,57.33,已进入上涨周期末端，注意风险
000061,农产品,37.91,已进入下跌周期末端，可适当参与
000062,深圳华强,57.94,已进入上涨周期末端，注意风险
000063,中兴通讯,88.9,上涨趋势确立，可重点参与
000065,北方国际,58.4,刚进入上涨周期，可参与
000066,中国长城,20.01,已进入下跌周期末端，可适当参与
000068,华控赛格,36.47,刚进入上涨周期，可参与
000069,华侨城A,83.34,上涨趋势确立，可重点参与
000070,特发信息,73.12,上涨趋势确立，可重点参与
000078,海王生物,89.59,上涨趋势确立，可重点参与
000088,盐田港,20.0,已进入上涨周期末端，注意风险
000089,深圳机场,20.09,已进入下跌周期末端，可适当参与
000090,天健集团,90.48,上涨趋势确立，可重点参与
000096,广聚能源,33.87,已进入上涨周期末端，注意风险
000099,中信海直,31.03,已进入下跌周期末端，可适当参与
000100,TCL科技,50.56,已进入上涨周期末端，注意风险
000150,宜华健康,21.03,已进入下跌周期末端，可适当参与
000151,中成股份,35.49,已进入下跌周期末端，可适当参与
000153,丰原药业,79.5,上涨趋势确立，可重点参与
000155,川能动力,20.58,已进入上涨周期末端，注意风险
000156,华数传媒,61.39,已进入上涨周期末端，注意风险
000157,中联重科,21.0,已进入下跌周期末端，可适当参与
000158,常山北明,73.74,刚进入上涨周期，可参与
000159,国际实业,45.11,刚进入上涨周期，可参与
000166,申万宏源,21.22,已进入下跌周期末端，可适当参与
000301,东方盛虹,20.0,已进入上涨周期末端，注意风险
000333,美的集团,20.0,已进入上涨周期末端，注意风险
000338,潍柴动力,20.71,已进入下跌周期末端，可适当参与
000400,许继电气,20.0,刚进入上涨周期，可参与
000401,冀东水泥,26.43,刚进入下跌周期，风险较大
000402,金融街,95.56,上涨趋势确立，可重点参与
000403,双林生物,20.0,已进入上涨周期末端，注意风险
000404,长虹华意,22.73,已进入下跌周期末端，可适当参与
000407,胜利股份,46.87,刚进入上涨周期，可参与
000408,*ST藏格,20.18,已进入下跌周期末端，可适当参与
000409,ST地矿,20.0,已进入下跌周期末端，可适当参与
000410,*ST沈机,73.36,刚进入上涨周期，可参与
000411,英特集团,91.86,上涨趋势确立，可重点参与
000413,东旭光电,20.32,已进入下跌周期末端，可适当参与
000415,渤海租赁,20.27,已进入下跌周期末端，可适当参与
000416,民生控股,83.43,刚进入上涨周期，可参与
000417,合肥百货,20.0,已进入上涨周期末端，注意风险
000419,通程控股,42.52,已进入上涨周期末端，注意风险
000420,吉林化纤,97.09,上涨趋势确立，可重点参与
000421,南京公用,61.84,刚进入上涨周期，可参与
000422,ST宜化,83.31,上涨趋势确立，可重点参与
000423,东阿阿胶,30.68,已进入下跌周期末端，可适当参与
000425,徐工机械,31.68,刚进入上涨周期，可参与
000426,兴业矿业,20.0,已进入上涨周期末端，注意风险
000428,华天酒店,69.93,上涨趋势确立，可重点参与
000429,粤高速A,32.39,已进入下跌周期末端，可适当参与
000430,张家界,20.16,已进入下跌周期末端，可适当参与
000488,晨鸣纸业,78.55,上涨趋势确立，可重点参与
000498,山东路桥,20.0,已进入下跌周期末端，可适当参与
000501,鄂武商A,20.0,已进入上涨周期末端，注意风险
000502,绿景控股,63.73,已进入上涨周期末端，注意风险
000503,国新健康,87.02,上涨趋势确立，可重点参与
000504,ST生物,20.0,已进入上涨周期末端，注意风险
000505,京粮控股,25.34,刚进入下跌周期，风险较大
000506,中润资源,20.0,已进入下跌周期末端，可适当参与
000507,珠海港,94.77,刚进入上涨周期，可参与
000509,*ST华塑,20.0,已进入上涨周期末端，注意风险
000510,新金路,97.97,上涨趋势确立，可重点参与
000513,丽珠集团,20.0,已进入上涨周期末端，注意风险
000514,渝开发,31.38,刚进入上涨周期，可参与
000516,国际医学,36.38,刚进入上涨周期，可参与
000517,荣安地产,45.04,刚进入上涨周期，可参与
000518,四环生物,93.8,上涨趋势确立，可重点参与
000519,中兵红箭,92.42,上涨趋势确立，可重点参与
000520,长航凤凰,28.54,已进入下跌周期末端，可适当参与
000521,长虹美菱,86.68,上涨趋势确立，可重点参与
000523,广州浪奇,20.2,已进入下跌周期末端，可适当参与
000524,岭南控股,20.64,已进入下跌周期末端，可适当参与
000525,红太阳,20.42,已进入下跌周期末端，可适当参与
000526,紫光学大,89.36,上涨趋势确立，可重点参与
000528,柳工,68.4,刚进入上涨周期，可参与
000529,广弘控股,92.52,刚进入上涨周期，可参与
000530,冰山冷热,55.31,已进入上涨周期末端，注意风险
000531,穗恒运A,20.84,已进入下跌周期末端，可适当参与
000532,华金资本,20.0,刚进入上涨周期，可参与
000533,顺钠股份,24.94,刚进入下跌周期，风险较大
000534,万泽股份,76.07,上涨趋势确立，可重点参与
000536,*ST华映,20.0,已进入上涨周期末端，注意风险
000537,广宇发展,20.0,已进入上涨周期末端，注意风险
000538,云南白药,76.42,上涨趋势确立，可重点参与
000539,粤电力A,21.28,已进入下跌周期末端，可适当参与
000540,中天金融,20.38,已进入下跌周期末端，可适当参与
000541,佛山照明,28.36,刚进入下跌周期，风险较大
000543,皖能电力,37.36,已进入上涨周期末端，注意风险
000544,中原环保,29.68,刚进入上涨周期，可参与
000545,金浦钛业,20.03,已进入下跌周期末端，可适当参与
000546,金圆股份,20.0,已进入上涨周期末端，注意风险
000547,航天发展,20.0,已进入下跌周期末端，可适当参与
000548,湖南投资,71.35,上涨趋势确立，可重点参与
000550,江铃汽车,79.44,上涨趋势确立，可重点参与
000551,创元科技,27.83,已进入下跌周期末端，可适当参与
000552,靖远煤电,100.0,已进入下跌周期末端，可适当参与
000553,安道麦A,20.01,已进入下跌周期末端，可适当参与
000554,泰山石油,91.15,上涨趋势确立，可重点参与
000555,神州信息,99.52,刚进入上涨周期，可参与
000557,西部创业,21.85,已进入下跌周期末端，可适当参与
000558,莱茵体育,20.0,已进入上涨周期末端，注意风险
000559,万向钱潮,20.18,已进入下跌周期末端，可适当参与
000560,我爱我家,21.92,已进入下跌周期末端，可适当参与
000561,烽火电子,96.46,上涨趋势确立，可重点参与
000563,陕国投A,69.14,刚进入上涨周期，可参与
000564,供销大集,20.0,已进入上涨周期末端，注意风险
000565,渝三峡A,61.79,刚进入上涨周期，可参与
000566,海南海药,90.04,刚进入上涨周期，可参与
000567,海德股份,20.0,已进入上涨周期末端，注意风险
000568,泸州老窖,26.77,已进入上涨周期末端，注意风险
000570,苏常柴A,20.2,已进入下跌周期末端，可适当参与
000571,*ST大洲,20.0,刚进入上涨周期，可参与
000572,*ST海马,78.92,上涨趋势确立，可重点参与
000573,粤宏远A,76.04,刚进入上涨周期，可参与
000576,广东甘化,65.04,已进入上涨周期末端，注意风险
000581,威孚高科,86.03,上涨趋势确立，可重点参与
000582,北部湾港,64.24,已进入上涨周期末端，注意风险
000584,哈工智能,20.03,已进入下跌周期末端，可适当参与
000585,*ST东电,20.69,已进入下跌周期末端，可适当参与
000586,汇源通信,20.0,已进入下跌周期末端，可适当参与
000587,*ST金洲,93.32,上涨趋势确立，可重点参与
000589,贵州轮胎,77.86,上涨趋势确立，可重点参与
000590,启迪古汉,59.66,刚进入上涨周期，可参与
000591,太阳能,58.4,刚进入上涨周期，可参与
000592,平潭发展,20.0,已进入上涨周期末端，注意风险
000593,大通燃气,20.59,已进入下跌周期末端，可适当参与
000595,*ST宝实,50.36,已进入上涨周期末端，注意风险
000596,古井贡酒,20.33,已进入下跌周期末端，可适当参与
000597,东北制药,90.6,上涨趋势确立，可重点参与
000598,兴蓉环境,21.26,已进入下跌周期末端，可适当参与
000599,青岛双星,20.36,已进入下跌周期末端，可适当参与
000600,建投能源,20.0,已进入上涨周期末端，注意风险
000601,韶能股份,20.58,已进入下跌周期末端，可适当参与
000603,盛达资源,20.29,已进入下跌周期末端，可适当参与
000605,渤海股份,62.89,刚进入上涨周期，可参与
000606,顺利办,75.46,刚进入上涨周期，可参与
000607,华媒控股,59.85,已进入上涨周期末端，注意风险
000608,阳光股份,20.49,已进入下跌周期末端，可适当参与
000609,中迪投资,28.13,已进入下跌周期末端，可适当参与
000610,西安旅游,20.35,已进入下跌周期末端，可适当参与
000611,*ST天首,81.16,刚进入上涨周期，可参与
000612,焦作万方,20.0,已进入上涨周期末端，注意风险
000613,大东海A,20.0,已进入上涨周期末端，注意风险
000615,京汉股份,20.7,已进入下跌周期末端，可适当参与
000616,海航投资,20.24,已进入下跌周期末端，可适当参与
000617,中油资本,85.48,上涨趋势确立，可重点参与
000619,海螺型材,58.18,已进入上涨周期末端，注意风险
000620,新华联,20.44,已进入下跌周期末端，可适当参与
000622,恒立实业,20.82,已进入下跌周期末端，可适当参与
000623,吉林敖东,89.5,上涨趋势确立，可重点参与
000625,长安汽车,87.69,上涨趋势确立，可重点参与
000626,远大控股,83.33,刚进入上涨周期，可参与
000627,天茂集团,26.75,已进入下跌周期末端，可适当参与
000628,高新发展,69.97,上涨趋势确立，可重点参与
000629,攀钢钒钛,20.0,已进入上涨周期末端，注意风险
000630,铜陵有色,74.92,上涨趋势确立，可重点参与
000631,顺发恒业,20.78,已进入下跌周期末端，可适当参与
000632,三木集团,57.54,已进入上涨周期末端，注意风险
000633,合金投资,41.13,刚进入上涨周期，可参与
000635,英力特,20.03,已进入下跌周期末端，可适当参与
000636,风华高科,24.06,已进入上涨周期末端，注意风险
000637,茂化实华,35.29,刚进入上涨周期，可参与
000638,万方发展,63.72,已进入上涨周期末端，注意风险
000639,西王食品,20.01,已进入下跌周期末端，可适当参与
000650,仁和药业,88.43,上涨趋势确立，可重点参与
000651,格力电器,57.1,已进入上涨周期末端，注意风险
000652,泰达股份,20.0,刚进入上涨周期，可参与
000655,金岭矿业,42.27,已进入上涨周期末端，注意风险
000656,金科股份,20.82,已进入下跌周期末端，可适当参与
000657,中钨高新,20.0,已进入下跌周期末端，可适当参与
000659,珠海中富,20.0,已进入上涨周期末端，注意风险
000661,长春高新,46.55,已进入上涨周期末端，注意风险
000662,天夏智慧,86.96,上涨趋势确立，可重点参与
000663,*ST永林,77.34,上涨趋势确立，可重点参与
000665,湖北广电,21.08,已进入下跌周期末端，可适当参与
000666,经纬纺机,20.02,已进入下跌周期末端，可适当参与
000667,美好置业,56.42,已进入上涨周期末端，注意风险
000668,荣丰控股,20.0,已进入上涨周期末端，注意风险
000669,*ST金鸿,33.63,已进入上涨周期末端，注意风险
000671,阳光城,20.54,已进入下跌周期末端，可适当参与
000672,上峰水泥,20.4,已进入下跌周期末端，可适当参与
000673,*ST当代,20.35,已进入下跌周期末端，可适当参与
000676,智度股份,21.74,已进入下跌周期末端，可适当参与
000677,恒天海龙,20.42,已进入下跌周期末端，可适当参与
000678,襄阳轴承,20.32,已进入下跌周期末端，可适当参与
000679,*ST友谊,20.0,已进入上涨周期末端，注意风险
000680,山推股份,21.43,已进入下跌周期末端，可适当参与
000681,视觉中国,20.0,刚进入上涨周期，可参与
000682,东方电子,20.05,已进入下跌周期末端，可适当参与
000683,远兴能源,90.95,上涨趋势确立，可重点参与
000685,中山公用,26.06,已进入下跌周期末端，可适当参与
000686,东北证券,22.64,已进入下跌周期末端，可适当参与
000687,*ST华讯,22.96,刚进入下跌周期，风险较大
000688,国城矿业,78.12,上涨趋势确立，可重点参与
000690,宝新能源,20.12,已进入下跌周期末端，可适当参与
000691,亚太实业,29.24,刚进入上涨周期，可参与
000692,惠天热电,97.81,刚进入上涨周期，可参与
000695,滨海能源,20.26,已进入下跌周期末端，可适当参与
000697,炼石航空,20.81,已进入下跌周期末端，可适当参与
000698,沈阳化工,20.0,刚进入上涨周期，可参与
000700,模塑科技,49.19,刚进入上涨周期，可参与
000701,厦门信达,20.52,已进入下跌周期末端，可适当参与
000702,正虹科技,20.14,已进入下跌周期末端，可适当参与
000703,恒逸石化,20.01,已进入下跌周期末端，可适当参与
000705,浙江震元,78.86,上涨趋势确立，可重点参与
000707,ST双环,25.51,已进入下跌周期末端，可适当参与
000708,中信特钢,94.04,上涨趋势确立，可重点参与
000709,河钢股份,20.0,已进入上涨周期末端，注意风险
000710,贝瑞基因,20.0,已进入上涨周期末端，注意风险
000711,京蓝科技,80.13,上涨趋势确立，可重点参与
000712,锦龙股份,20.07,已进入下跌周期末端，可适当参与
000713,丰乐种业,20.53,已进入下跌周期末端，可适当参与
000715,中兴商业,53.64,已进入上涨周期末端，注意风险
000716,黑芝麻,20.02,已进入下跌周期末端，可适当参与
000717,韶钢松山,65.67,已进入上涨周期末端，注意风险
000718,苏宁环球,25.66,已进入下跌周期末端，可适当参与
000719,中原传媒,67.17,已进入上涨周期末端，注意风险
000720,新能泰山,21.73,已进入下跌周期末端，可适当参与
000721,西安饮食,20.0,已进入上涨周期末端，注意风险
000722,湖南发展,20.0,刚进入上涨周期，可参与
000723,美锦能源,20.94,已进入下跌周期末端，可适当参与
000725,京东方A,20.0,已进入上涨周期末端，注意风险
000726,鲁泰A,89.38,上涨趋势确立，可重点参与
000727,*ST东科,20.46,已进入下跌周期末端，可适当参与
000728,国元证券,20.23,已进入下跌周期末端，可适当参与
000729,燕京啤酒,20.75,已进入下跌周期末端，可适当参与
000731,四川美丰,52.69,已进入上涨周期末端，注意风险
000732,泰禾集团,63.07,已进入上涨周期末端，注意风险
000733,振华科技,20.01,已进入下跌周期末端，可适当参与
000735,罗牛山,20.25,已进入下跌周期末端，可适当参与
000736,中交地产,36.3,已进入上涨周期末端，注意风险
000737,ST南风,95.93,上涨趋势确立，可重点参与
000738,航发控制,22.06,已进入下跌周期末端，可适当参与
000739,普洛药业,22.69,已进入上涨周期末端，注意风险
000750,国海证券,20.04,已进入下跌周期末端，可适当参与
000751,锌业股份,21.54,已进入下跌周期末端，可适当参与
000752,*ST西发,50.12,已进入上涨周期末端，注意风险
000753,漳州发展,75.21,上涨趋势确立，可重点参与
000755,山西路桥,99.62,刚进入上涨周期，可参与
000756,新华制药,88.53,上涨趋势确立，可重点参与
000757,浩物股份,20.18,已进入下跌周期末端，可适当参与
000758,中色股份,25.53,已进入下跌周期末端，可适当参与
000759,中百集团,20.56,已进入下跌周期末端，可适当参与
000760,*ST斯太,20.0,刚进入上涨周期，可参与
000761,本钢板材,20.17,已进入下跌周期末端，可适当参与
000762,西藏矿业,31.18,已进入上涨周期末端，注意风险
000766,通化金马,20.09,已进入下跌周期末端，可适当参与
000767,漳泽电力,24.2,已进入下跌周期末端，可适当参与
000768,中航飞机,29.88,已进入下跌周期末端，可适当参与
000776,广发证券,95.9,上涨趋势确立，可重点参与
000777,中核科技,87.83,刚进入上涨周期，可参与
000778,新兴铸管,43.59,已进入上涨周期末端，注意风险
000779,甘咨询,20.0,刚进入上涨周期，可参与
000780,*ST平能,29.48,已进入上涨周期末端，注意风险
000782,美达股份,20.17,已进入下跌周期末端，可适当参与
000783,长江证券,75.56,上涨趋势确立，可重点参与
000785,居然之家,94.02,上涨趋势确立，可重点参与
000786,北新建材,22.4,已进入下跌周期末端，可适当参与
000788,北大医药,87.06,上涨趋势确立，可重点参与
000789,万年青,23.55,已进入下跌周期末端，可适当参与
000790,华神科技,83.47,上涨趋势确立，可重点参与
000791,甘肃电投,21.64,已进入下跌周期末端，可适当参与
000792,*ST盐湖,20.43,已进入下跌周期末端，可适当参与
000793,华闻集团,20.0,已进入上涨周期末端，注意风险
000795,英洛华,20.72,已进入下跌周期末端，可适当参与
000796,凯撒旅业,20.49,已进入下跌周期末端，可适当参与
000797,中国武夷,25.09,已进入上涨周期末端，注意风险
000798,中水渔业,35.83,刚进入上涨周期，可参与
000799,酒鬼酒,20.0,已进入上涨周期末端，注意风险
000800,一汽解放,48.74,已进入上涨周期末端，注意风险
000801,四川九洲,92.01,上涨趋势确立，可重点参与
000802,北京文化,20.02,已进入下跌周期末端，可适当参与
000803,*ST金宇,23.16,已进入下跌周期末端，可适当参与
000806,*ST银河,20.0,已进入上涨周期末端，注意风险
000807,云铝股份,69.8,上涨趋势确立，可重点参与
000809,铁岭新城,99.66,上涨趋势确立，可重点参与
000810,创维数字,25.7,已进入下跌周期末端，可适当参与
000811,冰轮环境,90.23,刚进入上涨周期，可参与
000812,陕西金叶,57.7,刚进入上涨周期，可参与
000813,德展健康,20.0,已进入上涨周期末端，注意风险
000815,美利云,22.18,已进入下跌周期末端，可适当参与
000816,ST慧业,21.16,已进入下跌周期末端，可适当参与
000818,航锦科技,20.82,已进入下跌周期末端，可适当参与
000819,岳阳兴长,70.5,刚进入上涨周期，可参与
000820,*ST节能,21.19,已进入下跌周期末端，可适当参与
000821,京山轻机,95.43,上涨趋势确立，可重点参与
000822,山东海化,96.22,上涨趋势确立，可重点参与
000823,超声电子,95.87,上涨趋势确立，可重点参与
000825,太钢不锈,60.6,已进入上涨周期末端，注意风险
000826,启迪环境,20.85,已进入下跌周期末端，可适当参与
000828,东莞控股,88.77,刚进入上涨周期，可参与
000829,天音控股,41.07,已进入上涨周期末端，注意风险
000830,鲁西化工,66.26,刚进入上涨周期，可参与
000831,五矿稀土,21.13,已进入下跌周期末端，可适当参与
000833,粤桂股份,20.8,已进入下跌周期末端，可适当参与
000835,长城动漫,20.49,已进入下跌周期末端，可适当参与
000836,富通鑫茂,39.41,已进入上涨周期末端，注意风险
000837,*ST秦机,23.22,刚进入下跌周期，风险较大
000838,财信发展,90.91,刚进入上涨周期，可参与
000839,中信国安,20.0,刚进入上涨周期，可参与
000848,承德露露,20.6,已进入下跌周期末端，可适当参与
000850,华茂股份,20.66,已进入下跌周期末端，可适当参与
000851,高鸿股份,57.31,刚进入上涨周期，可参与
000852,石化机械,20.92,已进入下跌周期末端，可适当参与
000856,冀东装备,22.25,已进入下跌周期末端，可适当参与
000858,五粮液,20.0,已进入上涨周期末端，注意风险
000859,国风塑业,78.26,刚进入上涨周期，可参与
000860,顺鑫农业,20.75,已进入下跌周期末端，可适当参与
000861,海印股份,20.0,已进入上涨周期末端，注意风险
000862,银星能源,44.51,已进入上涨周期末端，注意风险
000863,三湘印象,91.04,上涨趋势确立，可重点参与
000868,*ST安凯,59.23,已进入上涨周期末端，注意风险
000869,张裕A,98.05,上涨趋势确立，可重点参与
000875,吉电股份,20.13,已进入下跌周期末端，可适当参与
000876,新希望,20.0,已进入下跌周期末端，可适当参与
000877,天山股份,49.59,已进入上涨周期末端，注意风险
000878,云南铜业,56.08,已进入上涨周期末端，注意风险
000880,潍柴重机,67.6,已进入上涨周期末端，注意风险
000881,中广核技,25.64,已进入下跌周期末端，可适当参与
000882,华联股份,79.85,上涨趋势确立，可重点参与
000883,湖北能源,24.12,已进入下跌周期末端，可适当参与
000885,城发环境,99.32,刚进入上涨周期，可参与
000886,海南高速,28.82,刚进入下跌周期，风险较大
000887,中鼎股份,83.36,上涨趋势确立，可重点参与
000888,峨眉山A,21.02,已进入下跌周期末端，可适当参与
000889,中嘉博创,66.34,刚进入上涨周期，可参与
000890,*ST胜尔,20.0,刚进入上涨周期，可参与
000892,欢瑞世纪,81.49,上涨趋势确立，可重点参与
000893,东凌国际,20.01,已进入下跌周期末端，可适当参与
000895,双汇发展,91.89,上涨趋势确立，可重点参与
000897,津滨发展,30.89,已进入上涨周期末端，注意风险
000898,鞍钢股份,43.33,已进入上涨周期末端，注意风险
000899,赣能股份,89.78,上涨趋势确立，可重点参与
000900,现代投资,21.78,已进入下跌周期末端，可适当参与
000901,航天科技,20.13,已进入下跌周期末端，可适当参与
000902,新洋丰,20.0,刚进入上涨周期，可参与
000903,云内动力,92.13,上涨趋势确立，可重点参与
000905,厦门港务,20.0,已进入上涨周期末端，注意风险
000906,浙商中拓,85.63,上涨趋势确立，可重点参与
000908,景峰医药,63.21,已进入上涨周期末端，注意风险
000909,数源科技,51.17,已进入上涨周期末端，注意风险
000910,大亚圣象,20.0,已进入上涨周期末端，注意风险
000911,ST南糖,20.0,已进入下跌周期末端，可适当参与
000912,泸天化,20.14,已进入下跌周期末端，可适当参与
000913,钱江摩托,39.97,已进入上涨周期末端，注意风险
000915,山大华特,37.82,已进入上涨周期末端，注意风险
000917,电广传媒,20.0,刚进入上涨周期，可参与
000918,嘉凯城,77.17,上涨趋势确立，可重点参与
000919,金陵药业,93.8,刚进入上涨周期，可参与
000920,南方汇通,20.0,已进入上涨周期末端，注意风险
000921,海信家电,20.0,已进入上涨周期末端，注意风险
000922,佳电股份,20.31,已进入下跌周期末端，可适当参与
000923,河钢资源,20.0,已进入上涨周期末端，注意风险
000925,众合科技,23.05,已进入下跌周期末端，可适当参与
000926,福星股份,21.59,已进入下跌周期末端，可适当参与
000927,*ST夏利,88.25,上涨趋势确立，可重点参与
000928,中钢国际,20.03,已进入下跌周期末端，可适当参与
000929,兰州黄河,20.0,已进入上涨周期末端，注意风险
000930,中粮科技,20.72,已进入下跌周期末端，可适当参与
000931,中关村,51.11,已进入上涨周期末端，注意风险
000932,华菱钢铁,96.28,刚进入上涨周期，可参与
000933,神火股份,60.73,已进入上涨周期末端，注意风险
000935,四川双马,20.37,已进入下跌周期末端，可适当参与
000936,华西股份,52.96,已进入上涨周期末端，注意风险
000937,冀中能源,64.15,已进入上涨周期末端，注意风险
000938,紫光股份,97.68,刚进入上涨周期，可参与
000948,南天信息,80.61,上涨趋势确立，可重点参与
000949,新乡化纤,68.11,上涨趋势确立，可重点参与
000950,重药控股,77.73,刚进入上涨周期，可参与
000951,中国重汽,80.72,上涨趋势确立，可重点参与
000952,广济药业,35.41,已进入上涨周期末端，注意风险
000953,*ST河化,90.83,上涨趋势确立，可重点参与
000955,欣龙控股,70.52,刚进入上涨周期，可参与
000957,中通客车,20.36,已进入下跌周期末端，可适当参与
600015,hxyh,20.87,已进入下跌周期末端，可适当参与
000002,万科A,20.3,已进入下跌周期末端，可适当参与
000004,国农科技,93.97,上涨趋势确立，可重点参与
000005,世纪星源,96.79,上涨趋势确立，可重点参与
000006,深振业A,20.0,已进入上涨周期末端，注意风险
000007,全新好,71.04,上涨趋势确立，可重点参与
000008,神州高铁,20.2,已进入下跌周期末端，可适当参与
000009,中国宝安,92.45,上涨趋势确立，可重点参与
000010,*ST美丽,21.88,已进入下跌周期末端，可适当参与
000011,深物业A,20.0,已进入上涨周期末端，注意风险
000012,南玻A,20.02,已进入下跌周期末端，可适当参与
000014,沙河股份,20.0,已进入上涨周期末端，注意风险
000016,深康佳A,20.13,已进入下跌周期末端，可适当参与
000017,*ST中华A,64.15,刚进入上涨周期，可参与
000019,深粮控股,23.62,刚进入下跌周期，风险较大
000020,深华发A,83.78,上涨趋势确立，可重点参与
000021,深科技,20.0,已进入下跌周期末端，可适当参与
000023,深天地A,20.01,已进入下跌周期末端，可适当参与
000025,特力A,31.53,刚进入上涨周期，可参与
000026,飞亚达,99.67,刚进入上涨周期，可参与
000027,深圳能源,31.03,已进入下跌周期末端，可适当参与
000028,国药一致,31.15,已进入上涨周期末端，注意风险
000029,深深房A,20.09,已进入下跌周期末端，可适当参与
000030,富奥股份,20.0,已进入上涨周期末端，注意风险
000031,大悦城,50.06,刚进入上涨周期，可参与
000032,深桑达A,97.49,上涨趋势确立，可重点参与
000034,神州数码,20.55,已进入下跌周期末端，可适当参与
000035,中国天楹,95.35,上涨趋势确立，可重点参与
000036,华联控股,20.0,已进入上涨周期末端，注意风险
000037,深南电A,20.2,已进入下跌周期末端，可适当参与
000038,深大通,21.37,已进入下跌周期末端，可适当参与
000039,中集集团,95.27,上涨趋势确立，可重点参与
000040,东旭蓝天,23.4,已进入下跌周期末端，可适当参与
000042,中洲控股,20.01,已进入下跌周期末端，可适当参与
000045,深纺织A,79.49,上涨趋势确立，可重点参与
000046,泛海控股,97.43,上涨趋势确立，可重点参与
000048,京基智农,98.82,上涨趋势确立，可重点参与
000049,德赛电池,91.23,上涨趋势确立，可重点参与
000050,深天马A,39.21,刚进入上涨周期，可参与
000055,方大集团,35.19,刚进入上涨周期，可参与
000056,皇庭国际,68.24,上涨趋势确立，可重点参与
000058,深赛格,76.02,上涨趋势确立，可重点参与
000059,华锦股份,20.84,已进入下跌周期末端，可适当参与
000060,中金岭南,57.33,已进入上涨周期末端，注意风险
000061,农产品,37.91,已进入下跌周期末端，可适当参与
000062,深圳华强,57.94,已进入上涨周期末端，注意风险
000063,中兴通讯,88.9,上涨趋势确立，可重点参与
000065,北方国际,58.4,刚进入上涨周期，可参与
000066,中国长城,20.01,已进入下跌周期末端，可适当参与
000068,华控赛格,36.47,刚进入上涨周期，可参与
000069,华侨城A,83.34,上涨趋势确立，可重点参与
000070,特发信息,73.12,上涨趋势确立，可重点参与
000078,海王生物,89.59,上涨趋势确立，可重点参与
000088,盐田港,20.0,已进入上涨周期末端，注意风险
000089,深圳机场,20.09,已进入下跌周期末端，可适当参与
000090,天健集团,90.48,上涨趋势确立，可重点参与
000096,广聚能源,33.87,已进入上涨周期末端，注意风险
000099,中信海直,31.03,已进入下跌周期末端，可适当参与
000100,TCL科技,50.56,已进入上涨周期末端，注意风险
000150,宜华健康,21.03,已进入下跌周期末端，可适当参与
000151,中成股份,35.49,已进入下跌周期末端，可适当参与
000153,丰原药业,79.5,上涨趋势确立，可重点参与
000155,川能动力,20.58,已进入上涨周期末端，注意风险
000156,华数传媒,61.39,已进入上涨周期末端，注意风险
000157,中联重科,21.0,已进入下跌周期末端，可适当参与
000158,常山北明,73.74,刚进入上涨周期，可参与
000159,国际实业,45.11,刚进入上涨周期，可参与
000166,申万宏源,21.22,已进入下跌周期末端，可适当参与
000301,东方盛虹,20.0,已进入上涨周期末端，注意风险
000333,美的集团,20.0,已进入上涨周期末端，注意风险
000338,潍柴动力,20.71,已进入下跌周期末端，可适当参与
000400,许继电气,20.0,刚进入上涨周期，可参与
000401,冀东水泥,26.43,刚进入下跌周期，风险较大
000402,金融街,95.56,上涨趋势确立，可重点参与
000403,双林生物,20.0,已进入上涨周期末端，注意风险
000404,长虹华意,22.73,已进入下跌周期末端，可适当参与
000407,胜利股份,46.87,刚进入上涨周期，可参与
000408,*ST藏格,20.18,已进入下跌周期末端，可适当参与
000409,ST地矿,20.0,已进入下跌周期末端，可适当参与
000410,*ST沈机,73.36,刚进入上涨周期，可参与
000411,英特集团,91.86,上涨趋势确立，可重点参与
000413,东旭光电,20.32,已进入下跌周期末端，可适当参与
000415,渤海租赁,20.27,已进入下跌周期末端，可适当参与
000416,民生控股,83.43,刚进入上涨周期，可参与
000417,合肥百货,20.0,已进入上涨周期末端，注意风险
000419,通程控股,42.52,已进入上涨周期末端，注意风险
000420,吉林化纤,97.09,上涨趋势确立，可重点参与
000421,南京公用,61.84,刚进入上涨周期，可参与
000422,ST宜化,83.31,上涨趋势确立，可重点参与
000423,东阿阿胶,30.68,已进入下跌周期末端，可适当参与
000425,徐工机械,31.68,刚进入上涨周期，可参与
000426,兴业矿业,20.0,已进入上涨周期末端，注意风险
000428,华天酒店,69.93,上涨趋势确立，可重点参与
000429,粤高速A,32.39,已进入下跌周期末端，可适当参与
000430,张家界,20.16,已进入下跌周期末端，可适当参与
000488,晨鸣纸业,78.55,上涨趋势确立，可重点参与
000498,山东路桥,20.0,已进入下跌周期末端，可适当参与
000501,鄂武商A,20.0,已进入上涨周期末端，注意风险
000502,绿景控股,63.73,已进入上涨周期末端，注意风险
000503,国新健康,87.02,上涨趋势确立，可重点参与
000504,ST生物,20.0,已进入上涨周期末端，注意风险
000505,京粮控股,25.34,刚进入下跌周期，风险较大
000506,中润资源,20.0,已进入下跌周期末端，可适当参与
000507,珠海港,94.77,刚进入上涨周期，可参与
000509,*ST华塑,20.0,已进入上涨周期末端，注意风险
000510,新金路,97.97,上涨趋势确立，可重点参与
000513,丽珠集团,20.0,已进入上涨周期末端，注意风险
000514,渝开发,31.38,刚进入上涨周期，可参与
000516,国际医学,36.38,刚进入上涨周期，可参与
000517,荣安地产,45.04,刚进入上涨周期，可参与
000518,四环生物,93.8,上涨趋势确立，可重点参与
000519,中兵红箭,92.42,上涨趋势确立，可重点参与
000520,长航凤凰,28.54,已进入下跌周期末端，可适当参与
000521,长虹美菱,86.68,上涨趋势确立，可重点参与
000523,广州浪奇,20.2,已进入下跌周期末端，可适当参与
000524,岭南控股,20.64,已进入下跌周期末端，可适当参与
000525,红太阳,20.42,已进入下跌周期末端，可适当参与
000526,紫光学大,89.36,上涨趋势确立，可重点参与
000528,柳工,68.4,刚进入上涨周期，可参与
000529,广弘控股,92.52,刚进入上涨周期，可参与
000530,冰山冷热,55.31,已进入上涨周期末端，注意风险
000531,穗恒运A,20.84,已进入下跌周期末端，可适当参与
000532,华金资本,20.0,刚进入上涨周期，可参与
000533,顺钠股份,24.94,刚进入下跌周期，风险较大
000534,万泽股份,76.07,上涨趋势确立，可重点参与
000536,*ST华映,20.0,已进入上涨周期末端，注意风险
000537,广宇发展,20.0,已进入上涨周期末端，注意风险
000538,云南白药,76.42,上涨趋势确立，可重点参与
000539,粤电力A,21.28,已进入下跌周期末端，可适当参与
000540,中天金融,20.38,已进入下跌周期末端，可适当参与
000541,佛山照明,28.36,刚进入下跌周期，风险较大
000543,皖能电力,37.36,已进入上涨周期末端，注意风险
000544,中原环保,29.68,刚进入上涨周期，可参与
000545,金浦钛业,20.03,已进入下跌周期末端，可适当参与
000546,金圆股份,20.0,已进入上涨周期末端，注意风险
000547,航天发展,20.0,已进入下跌周期末端，可适当参与
000548,湖南投资,71.35,上涨趋势确立，可重点参与
000550,江铃汽车,79.44,上涨趋势确立，可重点参与
000551,创元科技,27.83,已进入下跌周期末端，可适当参与
000552,靖远煤电,100.0,已进入下跌周期末端，可适当参与
000553,安道麦A,20.01,已进入下跌周期末端，可适当参与
000554,泰山石油,91.15,上涨趋势确立，可重点参与
000555,神州信息,99.52,刚进入上涨周期，可参与
000557,西部创业,21.85,已进入下跌周期末端，可适当参与
000558,莱茵体育,20.0,已进入上涨周期末端，注意风险
000559,万向钱潮,20.18,已进入下跌周期末端，可适当参与
000560,我爱我家,21.92,已进入下跌周期末端，可适当参与
000561,烽火电子,96.46,上涨趋势确立，可重点参与
000563,陕国投A,69.14,刚进入上涨周期，可参与
000564,供销大集,20.0,已进入上涨周期末端，注意风险
000565,渝三峡A,61.79,刚进入上涨周期，可参与
000566,海南海药,90.04,刚进入上涨周期，可参与
000567,海德股份,20.0,已进入上涨周期末端，注意风险
000568,泸州老窖,26.77,已进入上涨周期末端，注意风险
000570,苏常柴A,20.2,已进入下跌周期末端，可适当参与
000571,*ST大洲,20.0,刚进入上涨周期，可参与
000572,*ST海马,78.92,上涨趋势确立，可重点参与
000573,粤宏远A,76.04,刚进入上涨周期，可参与
000576,广东甘化,65.04,已进入上涨周期末端，注意风险
000581,威孚高科,86.03,上涨趋势确立，可重点参与
000582,北部湾港,64.24,已进入上涨周期末端，注意风险
000584,哈工智能,20.03,已进入下跌周期末端，可适当参与
000585,*ST东电,20.69,已进入下跌周期末端，可适当参与
000586,汇源通信,20.0,已进入下跌周期末端，可适当参与
000587,*ST金洲,93.32,上涨趋势确立，可重点参与
000589,贵州轮胎,77.86,上涨趋势确立，可重点参与
000590,启迪古汉,59.66,刚进入上涨周期，可参与
000591,太阳能,58.4,刚进入上涨周期，可参与
000592,平潭发展,20.0,已进入上涨周期末端，注意风险
000593,大通燃气,20.59,已进入下跌周期末端，可适当参与
000595,*ST宝实,50.36,已进入上涨周期末端，注意风险
000596,古井贡酒,20.33,已进入下跌周期末端，可适当参与
000597,东北制药,90.6,上涨趋势确立，可重点参与
000598,兴蓉环境,21.26,已进入下跌周期末端，可适当参与
000599,青岛双星,20.36,已进入下跌周期末端，可适当参与
000600,建投能源,20.0,已进入上涨周期末端，注意风险
000601,韶能股份,20.58,已进入下跌周期末端，可适当参与
000603,盛达资源,20.29,已进入下跌周期末端，可适当参与
000605,渤海股份,62.89,刚进入上涨周期，可参与
000606,顺利办,75.46,刚进入上涨周期，可参与
000607,华媒控股,59.85,已进入上涨周期末端，注意风险
000608,阳光股份,20.49,已进入下跌周期末端，可适当参与
000609,中迪投资,28.13,已进入下跌周期末端，可适当参与
000610,西安旅游,20.35,已进入下跌周期末端，可适当参与
000611,*ST天首,81.16,刚进入上涨周期，可参与
000612,焦作万方,20.0,已进入上涨周期末端，注意风险
000613,大东海A,20.0,已进入上涨周期末端，注意风险
000615,京汉股份,20.7,已进入下跌周期末端，可适当参与
000616,海航投资,20.24,已进入下跌周期末端，可适当参与
000617,中油资本,85.48,上涨趋势确立，可重点参与
000619,海螺型材,58.18,已进入上涨周期末端，注意风险
000620,新华联,20.44,已进入下跌周期末端，可适当参与
000622,恒立实业,20.82,已进入下跌周期末端，可适当参与
000623,吉林敖东,89.5,上涨趋势确立，可重点参与
000625,长安汽车,87.69,上涨趋势确立，可重点参与
000626,远大控股,83.33,刚进入上涨周期，可参与
000627,天茂集团,26.75,已进入下跌周期末端，可适当参与
000628,高新发展,69.97,上涨趋势确立，可重点参与
000629,攀钢钒钛,20.0,已进入上涨周期末端，注意风险
000630,铜陵有色,74.92,上涨趋势确立，可重点参与
000631,顺发恒业,20.78,已进入下跌周期末端，可适当参与
000632,三木集团,57.54,已进入上涨周期末端，注意风险
000633,合金投资,41.13,刚进入上涨周期，可参与
000635,英力特,20.03,已进入下跌周期末端，可适当参与
000636,风华高科,24.06,已进入上涨周期末端，注意风险
000637,茂化实华,35.29,刚进入上涨周期，可参与
000638,万方发展,63.72,已进入上涨周期末端，注意风险
000639,西王食品,20.01,已进入下跌周期末端，可适当参与
000650,仁和药业,88.43,上涨趋势确立，可重点参与
000651,格力电器,57.1,已进入上涨周期末端，注意风险
000652,泰达股份,20.0,刚进入上涨周期，可参与
000655,金岭矿业,42.27,已进入上涨周期末端，注意风险
000656,金科股份,20.82,已进入下跌周期末端，可适当参与
000657,中钨高新,20.0,已进入下跌周期末端，可适当参与
000659,珠海中富,20.0,已进入上涨周期末端，注意风险
000661,长春高新,46.55,已进入上涨周期末端，注意风险
000662,天夏智慧,86.96,上涨趋势确立，可重点参与
000663,*ST永林,77.34,上涨趋势确立，可重点参与
000665,湖北广电,21.08,已进入下跌周期末端，可适当参与
000666,经纬纺机,20.02,已进入下跌周期末端，可适当参与
000667,美好置业,56.42,已进入上涨周期末端，注意风险
000668,荣丰控股,20.0,已进入上涨周期末端，注意风险
000669,*ST金鸿,33.63,已进入上涨周期末端，注意风险
000671,阳光城,20.54,已进入下跌周期末端，可适当参与
000672,上峰水泥,20.4,已进入下跌周期末端，可适当参与
000673,*ST当代,20.35,已进入下跌周期末端，可适当参与
000676,智度股份,21.74,已进入下跌周期末端，可适当参与
000677,恒天海龙,20.42,已进入下跌周期末端，可适当参与
000678,襄阳轴承,20.32,已进入下跌周期末端，可适当参与
000679,*ST友谊,20.0,已进入上涨周期末端，注意风险
000680,山推股份,21.43,已进入下跌周期末端，可适当参与
000681,视觉中国,20.0,刚进入上涨周期，可参与
000682,东方电子,20.05,已进入下跌周期末端，可适当参与
000683,远兴能源,90.95,上涨趋势确立，可重点参与
000685,中山公用,26.06,已进入下跌周期末端，可适当参与
000686,东北证券,22.64,已进入下跌周期末端，可适当参与
000687,*ST华讯,22.96,刚进入下跌周期，风险较大
000688,国城矿业,78.12,上涨趋势确立，可重点参与
000690,宝新能源,20.12,已进入下跌周期末端，可适当参与
000691,亚太实业,29.24,刚进入上涨周期，可参与
000692,惠天热电,97.81,刚进入上涨周期，可参与
000695,滨海能源,20.26,已进入下跌周期末端，可适当参与
000697,炼石航空,20.81,已进入下跌周期末端，可适当参与
000698,沈阳化工,20.0,刚进入上涨周期，可参与
000700,模塑科技,49.19,刚进入上涨周期，可参与
000701,厦门信达,20.52,已进入下跌周期末端，可适当参与
000702,正虹科技,20.14,已进入下跌周期末端，可适当参与
000703,恒逸石化,20.01,已进入下跌周期末端，可适当参与
000705,浙江震元,78.86,上涨趋势确立，可重点参与
000707,ST双环,25.51,已进入下跌周期末端，可适当参与
000708,中信特钢,94.04,上涨趋势确立，可重点参与
000709,河钢股份,20.0,已进入上涨周期末端，注意风险
000710,贝瑞基因,20.0,已进入上涨周期末端，注意风险
000711,京蓝科技,80.13,上涨趋势确立，可重点参与
000712,锦龙股份,20.07,已进入下跌周期末端，可适当参与
000713,丰乐种业,20.53,已进入下跌周期末端，可适当参与
000715,中兴商业,53.64,已进入上涨周期末端，注意风险
000716,黑芝麻,20.02,已进入下跌周期末端，可适当参与
000717,韶钢松山,65.67,已进入上涨周期末端，注意风险
000718,苏宁环球,25.66,已进入下跌周期末端，可适当参与
000719,中原传媒,67.17,已进入上涨周期末端，注意风险
000720,新能泰山,21.73,已进入下跌周期末端，可适当参与
000721,西安饮食,20.0,已进入上涨周期末端，注意风险
000722,湖南发展,20.0,刚进入上涨周期，可参与
000723,美锦能源,20.94,已进入下跌周期末端，可适当参与
000725,京东方A,20.0,已进入上涨周期末端，注意风险
000726,鲁泰A,89.38,上涨趋势确立，可重点参与
000727,*ST东科,20.46,已进入下跌周期末端，可适当参与
000728,国元证券,20.23,已进入下跌周期末端，可适当参与
000729,燕京啤酒,20.75,已进入下跌周期末端，可适当参与
000731,四川美丰,52.69,已进入上涨周期末端，注意风险
000732,泰禾集团,63.07,已进入上涨周期末端，注意风险
000733,振华科技,20.01,已进入下跌周期末端，可适当参与
000735,罗牛山,20.25,已进入下跌周期末端，可适当参与
000736,中交地产,36.3,已进入上涨周期末端，注意风险
000737,ST南风,95.93,上涨趋势确立，可重点参与
000738,航发控制,22.06,已进入下跌周期末端，可适当参与
000739,普洛药业,22.69,已进入上涨周期末端，注意风险
000750,国海证券,20.04,已进入下跌周期末端，可适当参与
000751,锌业股份,21.54,已进入下跌周期末端，可适当参与
000752,*ST西发,50.12,已进入上涨周期末端，注意风险
000753,漳州发展,75.21,上涨趋势确立，可重点参与
000755,山西路桥,99.62,刚进入上涨周期，可参与
000756,新华制药,88.53,上涨趋势确立，可重点参与
000757,浩物股份,20.18,已进入下跌周期末端，可适当参与
000758,中色股份,25.53,已进入下跌周期末端，可适当参与
000759,中百集团,20.56,已进入下跌周期末端，可适当参与
000760,*ST斯太,20.0,刚进入上涨周期，可参与
000761,本钢板材,20.17,已进入下跌周期末端，可适当参与
000762,西藏矿业,31.18,已进入上涨周期末端，注意风险
000766,通化金马,20.09,已进入下跌周期末端，可适当参与
000767,漳泽电力,24.2,已进入下跌周期末端，可适当参与
000768,中航飞机,29.88,已进入下跌周期末端，可适当参与
000776,广发证券,95.9,上涨趋势确立，可重点参与
000777,中核科技,87.83,刚进入上涨周期，可参与
000778,新兴铸管,43.59,已进入上涨周期末端，注意风险
000779,甘咨询,20.0,刚进入上涨周期，可参与
000780,*ST平能,29.48,已进入上涨周期末端，注意风险
000782,美达股份,20.17,已进入下跌周期末端，可适当参与
000783,长江证券,75.56,上涨趋势确立，可重点参与
000785,居然之家,94.02,上涨趋势确立，可重点参与
000786,北新建材,22.4,已进入下跌周期末端，可适当参与
000788,北大医药,87.06,上涨趋势确立，可重点参与
000789,万年青,23.55,已进入下跌周期末端，可适当参与
000790,华神科技,83.47,上涨趋势确立，可重点参与
000791,甘肃电投,21.64,已进入下跌周期末端，可适当参与
000792,*ST盐湖,20.43,已进入下跌周期末端，可适当参与
000793,华闻集团,20.0,已进入上涨周期末端，注意风险
000795,英洛华,20.72,已进入下跌周期末端，可适当参与
000796,凯撒旅业,20.49,已进入下跌周期末端，可适当参与
000797,中国武夷,25.09,已进入上涨周期末端，注意风险
000798,中水渔业,35.83,刚进入上涨周期，可参与
000799,酒鬼酒,20.0,已进入上涨周期末端，注意风险
000800,一汽解放,48.74,已进入上涨周期末端，注意风险
000801,四川九洲,92.01,上涨趋势确立，可重点参与
000802,北京文化,20.02,已进入下跌周期末端，可适当参与
000803,*ST金宇,23.16,已进入下跌周期末端，可适当参与
000806,*ST银河,20.0,已进入上涨周期末端，注意风险
000807,云铝股份,69.8,上涨趋势确立，可重点参与
000809,铁岭新城,99.66,上涨趋势确立，可重点参与
000810,创维数字,25.7,已进入下跌周期末端，可适当参与
000811,冰轮环境,90.23,刚进入上涨周期，可参与
000812,陕西金叶,57.7,刚进入上涨周期，可参与
000813,德展健康,20.0,已进入上涨周期末端，注意风险
000815,美利云,22.18,已进入下跌周期末端，可适当参与
000816,ST慧业,21.16,已进入下跌周期末端，可适当参与
000818,航锦科技,20.82,已进入下跌周期末端，可适当参与
000819,岳阳兴长,70.5,刚进入上涨周期，可参与
000820,*ST节能,21.19,已进入下跌周期末端，可适当参与
000821,京山轻机,95.43,上涨趋势确立，可重点参与
000822,山东海化,96.22,上涨趋势确立，可重点参与
000823,超声电子,95.87,上涨趋势确立，可重点参与
000825,太钢不锈,60.6,已进入上涨周期末端，注意风险
000826,启迪环境,20.85,已进入下跌周期末端，可适当参与
000828,东莞控股,88.77,刚进入上涨周期，可参与
000829,天音控股,41.07,已进入上涨周期末端，注意风险
000830,鲁西化工,66.26,刚进入上涨周期，可参与
000831,五矿稀土,21.13,已进入下跌周期末端，可适当参与
000833,粤桂股份,20.8,已进入下跌周期末端，可适当参与
000835,长城动漫,20.49,已进入下跌周期末端，可适当参与
000836,富通鑫茂,39.41,已进入上涨周期末端，注意风险
000837,*ST秦机,23.22,刚进入下跌周期，风险较大
000838,财信发展,90.91,刚进入上涨周期，可参与
000839,中信国安,20.0,刚进入上涨周期，可参与
000848,承德露露,20.6,已进入下跌周期末端，可适当参与
000850,华茂股份,20.66,已进入下跌周期末端，可适当参与
000851,高鸿股份,57.31,刚进入上涨周期，可参与
000852,石化机械,20.92,已进入下跌周期末端，可适当参与
000856,冀东装备,22.25,已进入下跌周期末端，可适当参与
000858,五粮液,20.0,已进入上涨周期末端，注意风险
000859,国风塑业,78.26,刚进入上涨周期，可参与
000860,顺鑫农业,20.75,已进入下跌周期末端，可适当参与
000861,海印股份,20.0,已进入上涨周期末端，注意风险
000862,银星能源,44.51,已进入上涨周期末端，注意风险
000863,三湘印象,91.04,上涨趋势确立，可重点参与
000868,*ST安凯,59.23,已进入上涨周期末端，注意风险
000869,张裕A,98.05,上涨趋势确立，可重点参与
000875,吉电股份,20.13,已进入下跌周期末端，可适当参与
000876,新希望,20.0,已进入下跌周期末端，可适当参与
000877,天山股份,49.59,已进入上涨周期末端，注意风险
000878,云南铜业,56.08,已进入上涨周期末端，注意风险
000880,潍柴重机,67.6,已进入上涨周期末端，注意风险
000881,中广核技,25.64,已进入下跌周期末端，可适当参与
000882,华联股份,79.85,上涨趋势确立，可重点参与
000883,湖北能源,24.12,已进入下跌周期末端，可适当参与
000885,城发环境,99.32,刚进入上涨周期，可参与
000886,海南高速,28.82,刚进入下跌周期，风险较大
000887,中鼎股份,83.36,上涨趋势确立，可重点参与
000888,峨眉山A,21.02,已进入下跌周期末端，可适当参与
000889,中嘉博创,66.34,刚进入上涨周期，可参与
000890,*ST胜尔,20.0,刚进入上涨周期，可参与
000892,欢瑞世纪,81.49,上涨趋势确立，可重点参与
000893,东凌国际,20.01,已进入下跌周期末端，可适当参与
000895,双汇发展,91.89,上涨趋势确立，可重点参与
000897,津滨发展,30.89,已进入上涨周期末端，注意风险
000898,鞍钢股份,43.33,已进入上涨周期末端，注意风险
000899,赣能股份,89.78,上涨趋势确立，可重点参与
000900,现代投资,21.78,已进入下跌周期末端，可适当参与
000901,航天科技,20.13,已进入下跌周期末端，可适当参与
000902,新洋丰,20.0,刚进入上涨周期，可参与
000903,云内动力,92.13,上涨趋势确立，可重点参与
000905,厦门港务,20.0,已进入上涨周期末端，注意风险
000906,浙商中拓,85.63,上涨趋势确立，可重点参与
000908,景峰医药,63.21,已进入上涨周期末端，注意风险
000909,数源科技,51.17,已进入上涨周期末端，注意风险
000910,大亚圣象,20.0,已进入上涨周期末端，注意风险
000911,ST南糖,20.0,已进入下跌周期末端，可适当参与
000912,泸天化,20.14,已进入下跌周期末端，可适当参与
000913,钱江摩托,39.97,已进入上涨周期末端，注意风险
000915,山大华特,37.82,已进入上涨周期末端，注意风险
000917,电广传媒,20.0,刚进入上涨周期，可参与
000918,嘉凯城,77.17,上涨趋势确立，可重点参与
000919,金陵药业,93.8,刚进入上涨周期，可参与
000920,南方汇通,20.0,已进入上涨周期末端，注意风险
000921,海信家电,20.0,已进入上涨周期末端，注意风险
000922,佳电股份,20.31,已进入下跌周期末端，可适当参与
000923,河钢资源,20.0,已进入上涨周期末端，注意风险
000925,众合科技,23.05,已进入下跌周期末端，可适当参与
000926,福星股份,21.59,已进入下跌周期末端，可适当参与
000927,*ST夏利,88.25,上涨趋势确立，可重点参与
000928,中钢国际,20.03,已进入下跌周期末端，可适当参与
000929,兰州黄河,20.0,已进入上涨周期末端，注意风险
000930,中粮科技,20.72,已进入下跌周期末端，可适当参与
000931,中关村,51.11,已进入上涨周期末端，注意风险
000932,华菱钢铁,96.28,刚进入上涨周期，可参与
000933,神火股份,60.73,已进入上涨周期末端，注意风险
000935,四川双马,20.37,已进入下跌周期末端，可适当参与
000936,华西股份,52.96,已进入上涨周期末端，注意风险
000937,冀中能源,64.15,已进入上涨周期末端，注意风险
000938,紫光股份,97.68,刚进入上涨周期，可参与
000948,南天信息,80.61,上涨趋势确立，可重点参与
000949,新乡化纤,68.11,上涨趋势确立，可重点参与
000950,重药控股,77.73,刚进入上涨周期，可参与
000951,中国重汽,80.72,上涨趋势确立，可重点参与
000952,广济药业,35.41,已进入上涨周期末端，注意风险
000953,*ST河化,90.83,上涨趋势确立，可重点参与
000955,欣龙控股,70.52,刚进入上涨周期，可参与
000957,中通客车,20.36,已进入下跌周期末端，可适当参与
000958,东方能源,82.19,刚进入上涨周期，可参与
000959,首钢股份,20.0,已进入上涨周期末端，注意风险
000960,锡业股份,90.98,上涨趋势确立，可重点参与
000961,中南建设,94.0,上涨趋势确立，可重点参与
000962,东方钽业,20.07,已进入下跌周期末端，可适当参与
000963,华东医药,20.0,已进入上涨周期末端，注意风险
000965,天保基建,92.32,上涨趋势确立，可重点参与
000966,长源电力,21.76,已进入下跌周期末端，可适当参与
000967,盈峰环境,20.0,已进入上涨周期末端，注意风险
000968,蓝焰控股,57.31,刚进入上涨周期，可参与
000969,安泰科技,76.47,上涨趋势确立，可重点参与
000970,中科三环,45.88,已进入上涨周期末端，注意风险
000971,*ST高升,20.0,已进入上涨周期末端，注意风险
000972,ST中基,21.67,已进入下跌周期末端，可适当参与
000973,佛塑科技,87.15,上涨趋势确立，可重点参与
000975,银泰黄金,20.29,已进入下跌周期末端，可适当参与
000976,华铁股份,29.41,已进入上涨周期末端，注意风险
000977,浪潮信息,99.89,上涨趋势确立，可重点参与
000978,桂林旅游,20.03,已进入下跌周期末端，可适当参与
000980,众泰汽车,20.05,已进入下跌周期末端，可适当参与
000981,ST银亿,20.31,已进入下跌周期末端，可适当参与
000982,*ST中绒,20.3,已进入下跌周期末端，可适当参与
000983,西山煤电,20.0,已进入上涨周期末端，注意风险
000985,大庆华科,80.1,上涨趋势确立，可重点参与
000987,越秀金控,20.13,已进入下跌周期末端，可适当参与
000988,华工科技,52.02,已进入上涨周期末端，注意风险
000989,九芝堂,76.16,上涨趋势确立，可重点参与
000990,诚志股份,38.64,刚进入上涨周期，可参与
000993,闽东电力,20.03,已进入下跌周期末端，可适当参与
000996,中国中期,83.59,上涨趋势确立，可重点参与
000997,新大陆,20.02,已进入下跌周期末端，可适当参与
000998,隆平高科,22.84,已进入下跌周期末端，可适当参与
000999,华润三九,99.54,上涨趋势确立，可重点参与
001696,宗申动力,21.59,已进入下跌周期末端，可适当参与
001872,招商港口,36.26,刚进入上涨周期，可参与
001896,豫能控股,94.65,上涨趋势确立，可重点参与
001914,招商积余,20.13,已进入下跌周期末端，可适当参与
001965,招商公路,20.09,已进入下跌周期末端，可适当参与
001979,招商蛇口,20.0,刚进入上涨周期，可参与
002001,新和成,59.35,已进入上涨周期末端，注意风险
002002,鸿达兴业,23.92,已进入下跌周期末端，可适当参与
002003,伟星股份,31.3,已进入上涨周期末端，注意风险
002004,华邦健康,57.2,已进入上涨周期末端，注意风险
002005,*ST德豪,37.44,已进入上涨周期末端，注意风险
002006,精功科技,75.97,上涨趋势确立，可重点参与
002007,华兰生物,53.29,已进入上涨周期末端，注意风险
002008,大族激光,95.19,上涨趋势确立，可重点参与
002009,天奇股份,76.26,上涨趋势确立，可重点参与
002010,传化智联,21.34,已进入下跌周期末端，可适当参与
002011,盾安环境,20.61,已进入下跌周期末端，可适当参与
002012,凯恩股份,20.01,已进入下跌周期末端，可适当参与
002013,中航机电,23.26,已进入下跌周期末端，可适当参与
002014,永新股份,87.14,刚进入上涨周期，可参与
002015,协鑫能科,20.76,已进入下跌周期末端，可适当参与
002016,世荣兆业,24.53,已进入下跌周期末端，可适当参与
002017,东信和平,58.57,刚进入上涨周期，可参与
002019,亿帆医药,93.52,上涨趋势确立，可重点参与
002020,京新药业,90.81,上涨趋势确立，可重点参与
002021,ST中捷,23.28,已进入下跌周期末端，可适当参与
002022,科华生物,59.59,已进入上涨周期末端，注意风险
002023,海特高新,20.41,已进入下跌周期末端，可适当参与
002024,苏宁易购,65.99,已进入上涨周期末端，注意风险
002025,航天电器,77.31,上涨趋势确立，可重点参与
002026,山东威达,92.52,上涨趋势确立，可重点参与
002027,分众传媒,50.61,已进入上涨周期末端，注意风险
002028,思源电气,50.52,刚进入上涨周期，可参与
002029,七匹狼,70.0,上涨趋势确立，可重点参与
002030,达安基因,56.0,已进入上涨周期末端，注意风险
002031,巨轮智能,94.55,刚进入上涨周期，可参与
002032,苏泊尔,20.16,已进入下跌周期末端，可适当参与
002033,丽江股份,20.02,已进入下跌周期末端，可适当参与
002034,旺能环境,20.73,已进入下跌周期末端，可适当参与
002035,华帝股份,20.34,已进入下跌周期末端，可适当参与
002036,联创电子,70.99,上涨趋势确立，可重点参与
002037,保利联合,20.0,已进入上涨周期末端，注意风险
002038,双鹭药业,58.47,已进入上涨周期末端，注意风险
002039,黔源电力,20.0,已进入上涨周期末端，注意风险
002040,南京港,72.02,刚进入上涨周期，可参与
002041,登海种业,25.0,刚进入下跌周期，风险较大
002042,华孚时尚,20.0,已进入上涨周期末端，注意风险
002043,兔宝宝,20.9,已进入下跌周期末端，可适当参与
002044,美年健康,23.7,已进入下跌周期末端，可适当参与
002045,国光电器,20.03,已进入下跌周期末端，可适当参与
002046,轴研科技,20.47,已进入下跌周期末端，可适当参与
002047,宝鹰股份,77.51,上涨趋势确立，可重点参与
002048,宁波华翔,20.15,已进入下跌周期末端，可适当参与
002049,紫光国微,20.22,已进入下跌周期末端，可适当参与
002050,三花智控,92.62,上涨趋势确立，可重点参与
002051,中工国际,52.55,刚进入上涨周期，可参与
002052,*ST同洲,68.68,上涨趋势确立，可重点参与
002053,云南能投,52.58,已进入上涨周期末端，注意风险
002054,德美化工,52.9,刚进入上涨周期，可参与
002055,得润电子,20.39,已进入下跌周期末端，可适当参与
002056,横店东磁,86.92,上涨趋势确立，可重点参与
002057,中钢天源,20.02,已进入下跌周期末端，可适当参与
002058,威尔泰,20.0,已进入下跌周期末端，可适当参与
002059,云南旅游,20.05,已进入下跌周期末端，可适当参与
002060,粤水电,51.98,刚进入上涨周期，可参与
002061,浙江交科,20.0,刚进入上涨周期，可参与
002062,宏润建设,20.26,已进入下跌周期末端，可适当参与
002063,远光软件,93.91,上涨趋势确立，可重点参与
002064,华峰氨纶,20.22,已进入下跌周期末端，可适当参与
002065,东华软件,56.57,刚进入上涨周期，可参与
002066,瑞泰科技,30.15,已进入上涨周期末端，注意风险
002067,景兴纸业,71.96,刚进入上涨周期，可参与
002068,黑猫股份,21.81,已进入下跌周期末端，可适当参与
002069,獐子岛,20.0,已进入上涨周期末端，注意风险
002071,长城影视,21.61,已进入下跌周期末端，可适当参与
002072,ST凯瑞,21.45,已进入下跌周期末端，可适当参与
002073,软控股份,91.57,上涨趋势确立，可重点参与
002074,国轩高科,22.75,已进入上涨周期末端，注意风险
002075,沙钢股份,56.63,刚进入上涨周期，可参与
002076,*ST雪莱,20.0,已进入上涨周期末端，注意风险
002077,*ST大港,82.6,刚进入上涨周期，可参与
002078,太阳纸业,67.99,已进入上涨周期末端，注意风险
002079,苏州固锝,68.99,上涨趋势确立，可重点参与
002080,中材科技,54.28,已进入上涨周期末端，注意风险
002081,金螳螂,20.32,已进入下跌周期末端，可适当参与
002082,万邦德,90.81,上涨趋势确立，可重点参与
002083,孚日股份,46.35,已进入上涨周期末端，注意风险
002084,海鸥住工,20.0,已进入上涨周期末端，注意风险
002085,万丰奥威,21.55,已进入下跌周期末端，可适当参与
002086,ST东海洋,68.0,刚进入上涨周期，可参与
002087,新野纺织,97.95,上涨趋势确立，可重点参与
002088,鲁阳节能,44.84,刚进入上涨周期，可参与
002089,*ST新海,66.09,已进入上涨周期末端，注意风险
002090,金智科技,20.32,已进入下跌周期末端，可适当参与
002091,江苏国泰,81.13,刚进入上涨周期，可参与
002092,中泰化学,20.86,已进入下跌周期末端，可适当参与
002093,国脉科技,96.48,上涨趋势确立，可重点参与
002094,青岛金王,81.17,上涨趋势确立，可重点参与
002095,生意宝,20.01,已进入下跌周期末端，可适当参与
002096,南岭民爆,20.0,刚进入上涨周期，可参与
002097,山河智能,20.12,已进入下跌周期末端，可适当参与
002098,浔兴股份,20.31,已进入下跌周期末端，可适当参与
002099,海翔药业,27.41,已进入上涨周期末端，注意风险
002100,天康生物,32.84,已进入下跌周期末端，可适当参与
002101,广东鸿图,20.01,已进入下跌周期末端，可适当参与
002102,ST冠福,81.2,上涨趋势确立，可重点参与
002103,广博股份,20.0,已进入上涨周期末端，注意风险
002104,恒宝股份,27.12,已进入下跌周期末端，可适当参与
002105,信隆健康,30.61,已进入上涨周期末端，注意风险
002106,莱宝高科,56.19,已进入上涨周期末端，注意风险
002107,沃华医药,20.0,已进入上涨周期末端，注意风险
002108,沧州明珠,53.09,刚进入上涨周期，可参与
002109,兴化股份,81.97,上涨趋势确立，可重点参与
002110,三钢闽光,88.26,上涨趋势确立，可重点参与
002111,威海广泰,20.0,刚进入上涨周期，可参与
002112,三变科技,82.32,上涨趋势确立，可重点参与
002113,*ST天润,88.31,上涨趋势确立，可重点参与
002114,罗平锌电,83.22,上涨趋势确立，可重点参与
002115,三维通信,78.11,上涨趋势确立，可重点参与
002116,中国海诚,94.71,上涨趋势确立，可重点参与
002117,东港股份,21.24,已进入下跌周期末端，可适当参与
002118,紫鑫药业,84.24,上涨趋势确立，可重点参与
002119,康强电子,20.0,已进入下跌周期末端，可适当参与
002120,韵达股份,20.0,已进入上涨周期末端，注意风险
002121,*ST科陆,65.81,已进入上涨周期末端，注意风险
002122,*ST天马,39.44,刚进入下跌周期，风险较大
002123,梦网集团,50.76,已进入上涨周期末端，注意风险
002124,天邦股份,94.51,上涨趋势确立，可重点参与
002125,湘潭电化,93.67,上涨趋势确立，可重点参与
002126,银轮股份,20.0,已进入上涨周期末端，注意风险
002127,南极电商,20.0,已进入上涨周期末端，注意风险
002128,露天煤业,62.08,已进入下跌周期末端，可适当参与
002129,中环股份,90.15,刚进入上涨周期，可参与
002130,沃尔核材,23.32,已进入下跌周期末端，可适当参与
002131,利欧股份,56.88,刚进入上涨周期，可参与
002132,恒星科技,37.28,已进入下跌周期末端，可适当参与
002133,广宇集团,86.83,上涨趋势确立，可重点参与
002134,天津普林,22.53,已进入上涨周期末端，注意风险
002135,东南网架,21.22,已进入下跌周期末端，可适当参与
002136,安纳达,20.18,已进入下跌周期末端，可适当参与
002137,麦达数字,56.21,已进入上涨周期末端，注意风险
002138,顺络电子,91.8,上涨趋势确立，可重点参与
002139,拓邦股份,53.66,刚进入上涨周期，可参与
002140,东华科技,36.72,刚进入上涨周期，可参与
002141,贤丰控股,20.0,已进入上涨周期末端，注意风险
002142,宁波银行,20.72,已进入下跌周期末端，可适当参与
002144,宏达高科,78.14,上涨趋势确立，可重点参与
002145,中核钛白,63.79,刚进入上涨周期，可参与
002146,荣盛发展,71.47,刚进入上涨周期，可参与
002147,*ST新光,80.43,刚进入上涨周期，可参与
002148,北纬科技,87.05,上涨趋势确立，可重点参与
002149,西部材料,20.0,已进入下跌周期末端，可适当参与
002150,通润装备,20.0,已进入上涨周期末端，注意风险
002151,北斗星通,33.14,已进入上涨周期末端，注意风险
002152,广电运通,94.43,刚进入上涨周期，可参与
002153,石基信息,20.0,已进入上涨周期末端，注意风险
002154,报喜鸟,20.0,已进入上涨周期末端，注意风险
002155,湖南黄金,20.1,已进入下跌周期末端，可适当参与
002156,通富微电,20.77,已进入下跌周期末端，可适当参与
002157,正邦科技,88.65,上涨趋势确立，可重点参与
002158,汉钟精机,21.01,已进入下跌周期末端，可适当参与
002159,三特索道,20.02,已进入下跌周期末端，可适当参与
002160,常铝股份,98.41,上涨趋势确立，可重点参与
002161,远望谷,20.0,刚进入上涨周期，可参与
002162,悦心健康,20.0,已进入下跌周期末端，可适当参与
002163,中航三鑫,20.0,已进入上涨周期末端，注意风险
002164,宁波东力,84.89,上涨趋势确立，可重点参与
002165,红宝丽,22.22,已进入下跌周期末端，可适当参与
002166,莱茵生物,99.03,刚进入上涨周期，可参与
002167,东方锆业,20.07,已进入下跌周期末端，可适当参与
002168,惠程科技,20.0,已进入上涨周期末端，注意风险
002169,智光电气,44.93,已进入上涨周期末端，注意风险
002170,芭田股份,20.12,已进入下跌周期末端，可适当参与
002171,楚江新材,62.37,刚进入上涨周期，可参与
002172,澳洋健康,32.51,刚进入上涨周期，可参与
002173,创新医疗,62.13,已进入上涨周期末端，注意风险
002174,游族网络,63.47,已进入上涨周期末端，注意风险
002175,*ST东网,20.17,已进入下跌周期末端，可适当参与
002176,*ST江特,41.92,已进入上涨周期末端，注意风险
002177,御银股份,31.82,已进入下跌周期末端，可适当参与
002178,延华智能,20.32,已进入下跌周期末端，可适当参与
002179,中航光电,66.8,已进入上涨周期末端，注意风险
002180,纳思达,69.22,上涨趋势确立，可重点参与
002181,粤传媒,20.0,已进入上涨周期末端，注意风险
002182,云海金属,99.18,上涨趋势确立，可重点参与
002183,怡亚通,74.9,上涨趋势确立，可重点参与
002184,海得控制,20.0,刚进入上涨周期，可参与
002185,华天科技,20.4,已进入下跌周期末端，可适当参与
002186,全聚德,20.0,已进入上涨周期末端，注意风险
002187,广百股份,20.0,已进入上涨周期末端，注意风险
002188,ST巴士,20.0,刚进入上涨周期，可参与
002189,中光学,20.08,已进入下跌周期末端，可适当参与
002190,成飞集成,51.76,已进入上涨周期末端，注意风险
002191,劲嘉股份,65.54,刚进入上涨周期，可参与
002192,*ST融捷,91.43,上涨趋势确立，可重点参与
002193,如意集团,20.2,已进入下跌周期末端，可适当参与
002194,武汉凡谷,46.29,刚进入上涨周期，可参与
002195,二三四五,20.0,已进入下跌周期末端，可适当参与
002196,方正电机,52.89,已进入上涨周期末端，注意风险
002197,证通电子,84.47,上涨趋势确立，可重点参与
002198,嘉应制药,62.23,已进入上涨周期末端，注意风险
002199,东晶电子,20.03,已进入下跌周期末端，可适当参与
002200,ST云投,48.43,刚进入上涨周期，可参与
002201,九鼎新材,20.07,已进入下跌周期末端，可适当参与
002202,金风科技,91.44,上涨趋势确立，可重点参与
002203,海亮股份,92.2,上涨趋势确立，可重点参与
002204,大连重工,20.52,已进入下跌周期末端，可适当参与
002205,国统股份,72.01,上涨趋势确立，可重点参与
002206,海利得,48.06,刚进入上涨周期，可参与
002207,ST准油,62.51,已进入上涨周期末端，注意风险
002208,合肥城建,20.0,已进入上涨周期末端，注意风险
002209,达意隆,70.58,上涨趋势确立，可重点参与
002210,*ST飞马,25.43,已进入下跌周期末端，可适当参与
002211,宏达新材,85.64,上涨趋势确立，可重点参与
002212,南洋股份,29.9,已进入下跌周期末端，可适当参与
002213,特尔佳,20.42,已进入下跌周期末端，可适当参与
002214,大立科技,91.9,上涨趋势确立，可重点参与
002215,诺普信,20.12,已进入下跌周期末端，可适当参与
002216,三全食品,35.64,已进入下跌周期末端，可适当参与
002217,合力泰,74.71,刚进入上涨周期，可参与
002218,拓日新能,20.55,已进入下跌周期末端，可适当参与
002219,*ST恒康,48.59,已进入上涨周期末端，注意风险
002220,*ST天宝,20.25,已进入下跌周期末端，可适当参与
002221,东华能源,20.9,已进入下跌周期末端，可适当参与
002222,福晶科技,20.0,已进入上涨周期末端，注意风险
002223,鱼跃医疗,87.09,上涨趋势确立，可重点参与
002224,三力士,86.19,刚进入上涨周期，可参与
002225,濮耐股份,57.94,已进入上涨周期末端，注意风险
002226,江南化工,52.2,已进入上涨周期末端，注意风险
002227,奥特迅,20.6,已进入下跌周期末端，可适当参与
002228,合兴包装,20.0,已进入上涨周期末端，注意风险
002229,鸿博股份,94.44,上涨趋势确立，可重点参与
002230,科大讯飞,57.8,已进入上涨周期末端，注意风险
002231,奥维通信,24.82,已进入下跌周期末端，可适当参与
002232,启明信息,22.02,已进入下跌周期末端，可适当参与
002233,塔牌集团,23.26,刚进入下跌周期，风险较大
002234,民和股份,30.9,已进入下跌周期末端，可适当参与
002235,安妮股份,50.06,刚进入上涨周期，可参与
002236,大华股份,35.1,已进入上涨周期末端，注意风险
002237,恒邦股份,20.03,已进入下跌周期末端，可适当参与
002238,天威视讯,64.21,已进入上涨周期末端，注意风险
002239,奥特佳,90.72,上涨趋势确立，可重点参与
002240,威华股份,20.0,已进入上涨周期末端，注意风险
002241,歌尔股份,31.64,已进入上涨周期末端，注意风险
002242,九阳股份,20.0,刚进入上涨周期，可参与
002243,通产丽星,98.58,上涨趋势确立，可重点参与
002244,滨江集团,44.67,刚进入上涨周期，可参与
002245,澳洋顺昌,21.07,已进入下跌周期末端，可适当参与
002246,北化股份,26.67,已进入下跌周期末端，可适当参与
002247,*ST聚力,66.37,已进入上涨周期末端，注意风险
002248,华东数控,20.02,已进入下跌周期末端，可适当参与
002249,大洋电机,58.24,已进入上涨周期末端，注意风险
002250,联化科技,64.68,已进入上涨周期末端，注意风险
002251,步步高,20.0,已进入上涨周期末端，注意风险
002252,上海莱士,86.76,上涨趋势确立，可重点参与
002253,川大智胜,80.31,上涨趋势确立，可重点参与
002254,泰和新材,51.48,已进入下跌周期末端，可适当参与
002255,*ST海陆,81.24,刚进入上涨周期，可参与
002256,*ST兆新,43.4,已进入上涨周期末端，注意风险
002258,利尔化学,66.86,已进入上涨周期末端，注意风险
002259,*ST升达,24.96,已进入下跌周期末端，可适当参与
002261,拓维信息,85.51,刚进入上涨周期，可参与
002262,恩华药业,33.33,已进入上涨周期末端，注意风险
002263,大东南,20.94,已进入下跌周期末端，可适当参与
002264,新华都,20.8,已进入下跌周期末端，可适当参与
002265,西仪股份,21.12,已进入下跌周期末端，可适当参与
002266,浙富控股,75.82,上涨趋势确立，可重点参与
002267,陕天然气,23.56,已进入下跌周期末端，可适当参与
002268,卫士通,20.0,刚进入上涨周期，可参与
002269,美邦服饰,99.87,上涨趋势确立，可重点参与
002270,华明装备,98.57,上涨趋势确立，可重点参与
002271,东方雨虹,70.48,上涨趋势确立，可重点参与
002272,川润股份,21.16,已进入下跌周期末端，可适当参与
002273,水晶光电,51.99,已进入上涨周期末端，注意风险
002274,华昌化工,82.58,上涨趋势确立，可重点参与
002275,桂林三金,35.32,已进入下跌周期末端，可适当参与
002276,万马股份,20.07,已进入下跌周期末端，可适当参与
002277,友阿股份,37.77,已进入下跌周期末端，可适当参与
002278,神开股份,22.08,已进入下跌周期末端，可适当参与
002279,久其软件,41.31,已进入上涨周期末端，注意风险
002280,联络互动,21.69,已进入下跌周期末端，可适当参与
002281,光迅科技,65.31,已进入上涨周期末端，注意风险
002282,博深股份,20.0,已进入上涨周期末端，注意风险
002283,天润工业,20.99,已进入下跌周期末端，可适当参与
002284,亚太股份,88.03,上涨趋势确立，可重点参与
002285,世联行,77.21,刚进入上涨周期，可参与
002286,保龄宝,20.0,刚进入上涨周期，可参与
002287,奇正藏药,36.78,已进入上涨周期末端，注意风险
002288,超华科技,57.01,刚进入上涨周期，可参与
002289,ST宇顺,44.19,已进入下跌周期末端，可适当参与
002290,*ST中科,86.9,刚进入上涨周期，可参与
002291,星期六,97.28,上涨趋势确立，可重点参与
002292,奥飞娱乐,20.0,已进入上涨周期末端，注意风险
002293,罗莱生活,20.0,已进入下跌周期末端，可适当参与
002294,信立泰,20.0,已进入上涨周期末端，注意风险
002295,精艺股份,21.85,已进入下跌周期末端，可适当参与
002296,辉煌科技,24.43,已进入下跌周期末端，可适当参与
002297,博云新材,21.63,已进入下跌周期末端，可适当参与
002298,中电兴发,47.93,刚进入上涨周期，可参与
002299,圣农发展,20.36,已进入下跌周期末端，可适当参与
002300,太阳电缆,20.0,刚进入上涨周期，可参与
002301,齐心集团,61.03,已进入上涨周期末端，注意风险
002302,西部建设,24.82,已进入下跌周期末端，可适当参与
002303,美盈森,20.02,已进入下跌周期末端，可适当参与
002304,洋河股份,20.0,已进入上涨周期末端，注意风险
002305,南国置业,22.16,已进入下跌周期末端，可适当参与
002306,ST云网,20.0,已进入下跌周期末端，可适当参与
002307,北新路桥,20.41,已进入下跌周期末端，可适当参与
002308,威创股份,73.23,上涨趋势确立，可重点参与
002309,中利集团,21.34,已进入下跌周期末端，可适当参与
002310,东方园林,20.03,已进入下跌周期末端，可适当参与
002311,海大集团,38.78,刚进入上涨周期，可参与
002312,三泰控股,58.96,刚进入上涨周期，可参与
002313,日海智能,67.91,已进入上涨周期末端，注意风险
002314,南山控股,20.0,已进入上涨周期末端，注意风险
002315,焦点科技,79.39,上涨趋势确立，可重点参与
002316,亚联发展,20.0,刚进入上涨周期，可参与
002317,众生药业,57.65,已进入上涨周期末端，注意风险
002318,久立特材,87.57,上涨趋势确立，可重点参与
002319,*ST乐通,72.14,刚进入上涨周期，可参与
002320,海峡股份,20.01,已进入下跌周期末端，可适当参与
002321,华英农业,23.02,已进入下跌周期末端，可适当参与
002322,理工环科,20.1,已进入下跌周期末端，可适当参与
002323,*ST雅博,20.2,已进入下跌周期末端，可适当参与
002324,普利特,82.69,上涨趋势确立，可重点参与
002325,洪涛股份,20.0,已进入下跌周期末端，可适当参与
002326,永太科技,79.67,刚进入上涨周期，可参与
002327,富安娜,22.95,刚进入下跌周期，风险较大
002328,新朋股份,26.37,已进入上涨周期末端，注意风险
002329,皇氏集团,40.19,刚进入上涨周期，可参与
002330,得利斯,21.64,已进入下跌周期末端，可适当参与
002331,皖通科技,20.0,已进入上涨周期末端，注意风险
002332,仙琚制药,70.0,上涨趋势确立，可重点参与
002333,ST罗普,20.29,已进入下跌周期末端，可适当参与
002334,英威腾,22.49,已进入下跌周期末端，可适当参与
002335,科华恒盛,20.96,已进入下跌周期末端，可适当参与
002336,ST人乐,20.03,已进入下跌周期末端，可适当参与
002337,赛象科技,87.67,上涨趋势确立，可重点参与
002338,奥普光电,20.0,已进入上涨周期末端，注意风险
002339,积成电子,22.3,已进入下跌周期末端，可适当参与
002340,格林美,95.62,上涨趋势确立，可重点参与
002341,新纶科技,20.63,已进入下跌周期末端，可适当参与
002342,巨力索具,58.97,刚进入上涨周期，可参与
002343,慈文传媒,52.96,已进入上涨周期末端，注意风险
002344,海宁皮城,20.04,已进入下跌周期末端，可适当参与
002345,潮宏基,20.5,已进入下跌周期末端，可适当参与
002346,柘中股份,86.99,上涨趋势确立，可重点参与
002347,泰尔股份,60.1,刚进入上涨周期，可参与
002348,高乐股份,20.17,已进入下跌周期末端，可适当参与
002349,精华制药,79.66,刚进入上涨周期，可参与
002350,北京科锐,46.07,已进入上涨周期末端，注意风险
002351,漫步者,70.1,上涨趋势确立，可重点参与
002352,顺丰控股,20.0,已进入上涨周期末端，注意风险
002353,杰瑞股份,73.58,上涨趋势确立，可重点参与
002354,*ST天娱,20.01,已进入下跌周期末端，可适当参与
002355,兴民智通,21.36,已进入下跌周期末端，可适当参与
002356,*ST赫美,20.0,已进入上涨周期末端，注意风险
002357,富临运业,20.63,已进入下跌周期末端，可适当参与
002358,森源电气,20.02,已进入下跌周期末端，可适当参与
002359,*ST北讯,78.73,上涨趋势确立，可重点参与
002360,同德化工,75.2,上涨趋势确立，可重点参与
002361,神剑股份,20.03,已进入下跌周期末端，可适当参与
002362,汉王科技,98.66,上涨趋势确立，可重点参与
002363,隆基机械,66.97,已进入上涨周期末端，注意风险
002364,中恒电气,28.34,刚进入上涨周期，可参与
002365,永安药业,72.47,上涨趋势确立，可重点参与
002366,台海核电,20.0,已进入上涨周期末端，注意风险
002367,康力电梯,26.8,已进入下跌周期末端，可适当参与
002368,太极股份,22.44,已进入下跌周期末端，可适当参与
002369,卓翼科技,23.45,已进入下跌周期末端，可适当参与
002370,亚太药业,20.0,刚进入上涨周期，可参与
002371,北方华创,20.71,已进入下跌周期末端，可适当参与
002372,伟星新材,20.1,已进入下跌周期末端，可适当参与
002373,千方科技,20.46,已进入下跌周期末端，可适当参与
002374,丽鹏股份,80.99,刚进入上涨周期，可参与
002375,亚厦股份,20.0,刚进入上涨周期，可参与
002376,新北洋,61.12,已进入上涨周期末端，注意风险
002377,国创高新,84.86,上涨趋势确立，可重点参与
002378,章源钨业,22.31,刚进入下跌周期，风险较大
002379,宏创控股,20.11,已进入下跌周期末端，可适当参与
002380,科远智慧,95.24,刚进入上涨周期，可参与
002381,双箭股份,20.0,已进入上涨周期末端，注意风险
002382,蓝帆医疗,20.0,已进入上涨周期末端，注意风险
002383,合众思壮,83.32,上涨趋势确立，可重点参与
002384,东山精密,74.89,刚进入上涨周期，可参与
002385,大北农,20.12,已进入下跌周期末端，可适当参与
002386,天原集团,20.09,已进入下跌周期末端，可适当参与
002387,维信诺,79.07,上涨趋势确立，可重点参与
002388,新亚制程,20.0,刚进入上涨周期，可参与
002389,航天彩虹,21.44,已进入下跌周期末端，可适当参与
002390,信邦制药,95.01,刚进入上涨周期，可参与
002391,长青股份,20.01,已进入下跌周期末端，可适当参与
002392,北京利尔,20.0,已进入上涨周期末端，注意风险
002393,力生制药,30.26,已进入上涨周期末端，注意风险
002394,联发股份,79.05,上涨趋势确立，可重点参与
002395,双象股份,63.62,已进入上涨周期末端，注意风险
002396,星网锐捷,20.0,刚进入上涨周期，可参与
002397,梦洁股份,46.25,刚进入下跌周期，风险较大
002398,垒知集团,82.62,刚进入上涨周期，可参与
002399,海普瑞,61.37,刚进入上涨周期，可参与
002400,省广集团,20.0,已进入上涨周期末端，注意风险
002401,中远海科,59.87,已进入上涨周期末端，注意风险
002402,和而泰,75.46,上涨趋势确立，可重点参与
002403,爱仕达,24.96,已进入下跌周期末端，可适当参与
002404,嘉欣丝绸,20.0,已进入上涨周期末端，注意风险
002405,四维图新,73.06,上涨趋势确立，可重点参与
002406,远东传动,44.77,已进入上涨周期末端，注意风险
002407,多氟多,20.0,刚进入上涨周期，可参与
002408,齐翔腾达,25.06,已进入上涨周期末端，注意风险
002409,雅克科技,20.51,已进入下跌周期末端，可适当参与
002410,广联达,20.0,已进入上涨周期末端，注意风险
002411,延安必康,20.24,已进入下跌周期末端，可适当参与
002412,汉森制药,99.09,上涨趋势确立，可重点参与
002413,雷科防务,22.12,已进入下跌周期末端，可适当参与
002414,高德红外,28.19,已进入下跌周期末端，可适当参与
002415,海康威视,93.46,刚进入上涨周期，可参与
002416,爱施德,51.57,刚进入上涨周期，可参与
002417,深南股份,20.16,已进入下跌周期末端，可适当参与
002418,*ST康盛,98.34,刚进入上涨周期，可参与
002419,天虹股份,20.65,已进入下跌周期末端，可适当参与
002420,*ST毅昌,74.91,上涨趋势确立，可重点参与
002421,达实智能,21.84,已进入下跌周期末端，可适当参与
002422,科伦药业,72.7,上涨趋势确立，可重点参与
002423,中粮资本,21.53,已进入下跌周期末端，可适当参与
002424,贵州百灵,69.55,刚进入上涨周期，可参与
002425,凯撒文化,20.0,已进入上涨周期末端，注意风险
002426,*ST胜利,20.04,已进入下跌周期末端，可适当参与
002427,*ST尤夫,22.04,已进入下跌周期末端，可适当参与
002428,云南锗业,20.0,已进入下跌周期末端，可适当参与
002429,兆驰股份,20.12,已进入下跌周期末端，可适当参与
002430,杭氧股份,20.94,已进入上涨周期末端，注意风险
002431,棕榈股份,34.07,已进入上涨周期末端，注意风险
002432,九安医疗,76.68,上涨趋势确立，可重点参与
002433,太安堂,87.36,上涨趋势确立，可重点参与
002434,万里扬,34.36,刚进入上涨周期，可参与
002435,长江健康,93.19,刚进入上涨周期，可参与
002436,兴森科技,23.18,刚进入下跌周期，风险较大
002437,誉衡药业,43.95,已进入上涨周期末端，注意风险
002438,江苏神通,77.92,上涨趋势确立，可重点参与
002439,启明星辰,22.61,已进入下跌周期末端，可适当参与
002440,闰土股份,40.49,刚进入上涨周期，可参与
002441,众业达,20.11,已进入下跌周期末端，可适当参与
002442,龙星化工,20.0,已进入下跌周期末端，可适当参与
002443,金洲管道,20.0,已进入上涨周期末端，注意风险
002444,巨星科技,49.89,已进入上涨周期末端，注意风险
002445,*ST中南,83.04,上涨趋势确立，可重点参与
002446,盛路通信,41.72,刚进入上涨周期，可参与
002447,*ST晨鑫,20.0,已进入上涨周期末端，注意风险
002448,中原内配,20.12,已进入下跌周期末端，可适当参与
002449,国星光电,23.24,已进入下跌周期末端，可适当参与
002450,*ST康得,20.86,已进入下跌周期末端，可适当参与
002451,摩恩电气,20.0,刚进入上涨周期，可参与
002452,长高集团,26.63,已进入下跌周期末端，可适当参与
002453,华软科技,82.01,上涨趋势确立，可重点参与
002454,松芝股份,23.29,已进入上涨周期末端，注意风险
002455,百川股份,20.12,已进入下跌周期末端，可适当参与
002456,欧菲光,40.86,刚进入上涨周期，可参与
002457,青龙管业,45.89,已进入上涨周期末端，注意风险
002458,益生股份,21.01,已进入下跌周期末端，可适当参与
002459,晶澳科技,68.02,刚进入上涨周期，可参与
002460,赣锋锂业,68.51,刚进入上涨周期，可参与
002461,珠江啤酒,22.23,已进入下跌周期末端，可适当参与
002462,嘉事堂,95.59,上涨趋势确立，可重点参与
002463,沪电股份,20.32,已进入下跌周期末端，可适当参与
002464,众应互联,20.96,已进入下跌周期末端，可适当参与
002465,海格通信,67.97,已进入上涨周期末端，注意风险
002466,天齐锂业,20.0,已进入上涨周期末端，注意风险
002467,二六三,88.12,上涨趋势确立，可重点参与
002468,申通快递,20.1,已进入下跌周期末端，可适当参与
002469,三维工程,20.99,已进入下跌周期末端，可适当参与
002470,金正大,20.07,已进入下跌周期末端，可适当参与
002471,中超控股,77.76,刚进入上涨周期，可参与
002472,双环传动,76.72,刚进入上涨周期，可参与
002473,圣莱达,20.01,已进入下跌周期末端，可适当参与
002474,榕基软件,42.45,刚进入上涨周期，可参与
002475,立讯精密,85.1,上涨趋势确立，可重点参与
002476,宝莫股份,78.08,刚进入上涨周期，可参与
002478,常宝股份,88.71,上涨趋势确立，可重点参与
002479,富春环保,92.72,刚进入上涨周期，可参与
002480,新筑股份,94.43,刚进入上涨周期，可参与
002481,双塔食品,83.09,上涨趋势确立，可重点参与
002482,广田集团,22.5,已进入下跌周期末端，可适当参与
002483,润邦股份,88.81,刚进入上涨周期，可参与
002484,江海股份,64.99,刚进入上涨周期，可参与
002485,希努尔,23.72,已进入上涨周期末端，注意风险
002486,嘉麟杰,80.07,刚进入上涨周期，可参与
002487,大金重工,82.78,上涨趋势确立，可重点参与
002488,金固股份,98.06,刚进入上涨周期，可参与
002489,浙江永强,29.28,已进入上涨周期末端，注意风险
002490,山东墨龙,51.05,已进入上涨周期末端，注意风险
002491,通鼎互联,20.73,已进入下跌周期末端，可适当参与
002492,恒基达鑫,21.77,已进入下跌周期末端，可适当参与
002493,荣盛石化,24.29,已进入下跌周期末端，可适当参与
002494,华斯股份,20.15,已进入下跌周期末端，可适当参与
002495,佳隆股份,22.84,刚进入下跌周期，风险较大
002496,*ST辉丰,45.85,已进入上涨周期末端，注意风险
002497,雅化集团,60.07,已进入上涨周期末端，注意风险
002498,汉缆股份,34.21,刚进入下跌周期，风险较大
002499,*ST科林,20.03,已进入下跌周期末端，可适当参与
002500,山西证券,20.8,已进入下跌周期末端，可适当参与
002501,*ST利源,20.34,已进入下跌周期末端，可适当参与
002502,*ST鼎龙,20.02,已进入下跌周期末端，可适当参与
002503,搜于特,20.0,刚进入上涨周期，可参与
002504,弘高创意,20.31,已进入下跌周期末端，可适当参与
002505,大康农业,20.21,已进入下跌周期末端，可适当参与
002506,协鑫集成,20.05,已进入下跌周期末端，可适当参与
002507,涪陵榨菜,20.3,已进入下跌周期末端，可适当参与
002508,老板电器,20.54,已进入下跌周期末端，可适当参与
002509,天茂退,20.18,已进入下跌周期末端，可适当参与
002510,天汽模,21.65,已进入下跌周期末端，可适当参与
002511,中顺洁柔,68.52,刚进入上涨周期，可参与
002512,达华智能,20.01,已进入下跌周期末端，可适当参与
002513,*ST蓝丰,20.0,已进入上涨周期末端，注意风险
002514,宝馨科技,21.42,已进入下跌周期末端，可适当参与
002515,金字火腿,20.31,已进入下跌周期末端，可适当参与
002516,旷达科技,55.3,已进入上涨周期末端，注意风险
002517,恺英网络,20.0,已进入上涨周期末端，注意风险
002518,科士达,54.36,刚进入上涨周期，可参与
002519,银河电子,20.06,已进入下跌周期末端，可适当参与
002520,日发精机,20.8,已进入下跌周期末端，可适当参与
002521,齐峰新材,22.47,已进入下跌周期末端，可适当参与
002522,浙江众成,66.53,已进入上涨周期末端，注意风险
002523,天桥起重,67.18,已进入上涨周期末端，注意风险
002524,光正集团,78.84,上涨趋势确立，可重点参与
002526,山东矿机,44.52,已进入上涨周期末端，注意风险
002527,新时达,94.31,上涨趋势确立，可重点参与
002528,英飞拓,79.8,上涨趋势确立，可重点参与
002529,*ST海源,81.37,刚进入上涨周期，可参与
002530,金财互联,20.0,已进入下跌周期末端，可适当参与
002531,天顺风能,20.32,已进入下跌周期末端，可适当参与
002532,新界泵业,85.92,上涨趋势确立，可重点参与
002533,金杯电工,21.46,已进入下跌周期末端，可适当参与
002534,杭锅股份,75.45,刚进入上涨周期，可参与
002535,*ST林重,20.53,已进入下跌周期末端，可适当参与
002536,飞龙股份,20.0,已进入上涨周期末端，注意风险
002537,海联金汇,29.1,已进入下跌周期末端，可适当参与
002538,司尔特,20.0,已进入下跌周期末端，可适当参与
002539,云图控股,50.52,已进入上涨周期末端，注意风险
002540,亚太科技,87.44,上涨趋势确立，可重点参与
002541,鸿路钢构,22.12,已进入上涨周期末端，注意风险
002542,中化岩土,20.64,已进入下跌周期末端，可适当参与
002543,万和电气,55.52,已进入上涨周期末端，注意风险
002544,杰赛科技,41.18,刚进入上涨周期，可参与
002545,东方铁塔,21.19,已进入下跌周期末端，可适当参与
002546,新联电子,48.32,刚进入上涨周期，可参与
002547,春兴精工,81.61,上涨趋势确立，可重点参与
002548,金新农,31.91,刚进入上涨周期，可参与
002549,凯美特气,24.77,已进入下跌周期末端，可适当参与
002550,千红制药,61.82,已进入上涨周期末端，注意风险
002551,尚荣医疗,85.35,上涨趋势确立，可重点参与
002552,宝鼎科技,20.11,已进入下跌周期末端，可适当参与
002553,南方轴承,20.0,已进入下跌周期末端，可适当参与
002554,惠博普,63.04,刚进入上涨周期，可参与
002555,三七互娱,96.75,上涨趋势确立，可重点参与
002556,辉隆股份,84.32,上涨趋势确立，可重点参与
002557,洽洽食品,20.0,刚进入上涨周期，可参与
002558,巨人网络,77.73,上涨趋势确立，可重点参与
002559,亚威股份,81.71,上涨趋势确立，可重点参与
002560,通达股份,97.95,刚进入上涨周期，可参与
002561,徐家汇,20.0,已进入上涨周期末端，注意风险
002562,兄弟科技,28.27,已进入下跌周期末端，可适当参与
002563,森马服饰,20.87,已进入下跌周期末端，可适当参与
002564,天沃科技,20.37,已进入下跌周期末端，可适当参与
002565,顺灏股份,78.92,刚进入上涨周期，可参与
002566,益盛药业,86.41,上涨趋势确立，可重点参与
002567,唐人神,22.13,已进入下跌周期末端，可适当参与
002568,百润股份,37.8,已进入下跌周期末端，可适当参与
002569,ST步森,60.4,已进入上涨周期末端，注意风险
002570,贝因美,89.12,刚进入上涨周期，可参与
002571,德力股份,52.12,刚进入上涨周期，可参与
002572,索菲亚,31.74,已进入下跌周期末端，可适当参与
002573,清新环境,22.26,刚进入下跌周期，风险较大
002574,明牌珠宝,98.61,上涨趋势确立，可重点参与
002575,ST群兴,23.77,已进入下跌周期末端，可适当参与
002576,通达动力,20.0,已进入上涨周期末端，注意风险
002577,雷柏科技,20.0,已进入上涨周期末端，注意风险
002578,闽发铝业,21.45,已进入下跌周期末端，可适当参与
002579,中京电子,87.97,上涨趋势确立，可重点参与
002580,圣阳股份,46.21,刚进入上涨周期，可参与
002581,未名医药,100.0,已进入下跌周期末端，可适当参与
002582,好想你,20.0,已进入上涨周期末端，注意风险
002583,海能达,86.63,上涨趋势确立，可重点参与
002584,西陇科学,88.09,上涨趋势确立，可重点参与
002585,双星新材,75.8,上涨趋势确立，可重点参与
002586,*ST围海,49.33,已进入上涨周期末端，注意风险
002587,奥拓电子,93.41,刚进入上涨周期，可参与
002588,史丹利,20.42,已进入下跌周期末端，可适当参与
002589,瑞康医药,55.81,已进入上涨周期末端，注意风险
002590,万安科技,20.04,已进入下跌周期末端，可适当参与
002591,恒大高新,48.44,已进入上涨周期末端，注意风险
002592,八菱科技,27.88,已进入下跌周期末端，可适当参与
002593,日上集团,21.47,已进入下跌周期末端，可适当参与
002594,比亚迪,66.99,已进入上涨周期末端，注意风险
002595,豪迈科技,20.0,已进入上涨周期末端，注意风险
002596,海南瑞泽,22.36,刚进入下跌周期，风险较大
002597,金禾实业,43.78,已进入上涨周期末端，注意风险
002598,山东章鼓,93.39,上涨趋势确立，可重点参与
002599,盛通股份,36.95,已进入上涨周期末端，注意风险
002600,领益智造,60.76,已进入上涨周期末端，注意风险
002601,龙蟒佰利,86.3,上涨趋势确立，可重点参与
002602,世纪华通,89.45,上涨趋势确立，可重点参与
002603,以岭药业,79.96,上涨趋势确立，可重点参与
002605,姚记科技,89.56,上涨趋势确立，可重点参与
002606,大连电瓷,27.71,已进入下跌周期末端，可适当参与
002607,中公教育,57.86,刚进入上涨周期，可参与
002608,江苏国信,60.25,刚进入上涨周期，可参与
002609,捷顺科技,20.0,已进入上涨周期末端，注意风险
002610,爱康科技,24.45,已进入下跌周期末端，可适当参与
002611,东方精工,63.72,已进入上涨周期末端，注意风险
002612,朗姿股份,20.0,已进入上涨周期末端，注意风险
002613,北玻股份,77.1,上涨趋势确立，可重点参与
002614,奥佳华,87.1,刚进入上涨周期，可参与
002615,哈尔斯,48.21,已进入上涨周期末端，注意风险
002616,长青集团,20.0,已进入上涨周期末端，注意风险
002617,露笑科技,20.27,已进入下跌周期末端，可适当参与
002618,丹邦科技,20.34,已进入下跌周期末端，可适当参与
002619,艾格拉斯,63.35,已进入上涨周期末端，注意风险
002620,瑞和股份,22.44,已进入下跌周期末端，可适当参与
002621,美吉姆,20.02,已进入下跌周期末端，可适当参与
002622,融钰集团,98.06,上涨趋势确立，可重点参与
002623,亚玛顿,77.57,刚进入上涨周期，可参与
002624,完美世界,79.66,上涨趋势确立，可重点参与
002625,光启技术,20.0,刚进入上涨周期，可参与
002626,金达威,20.0,已进入上涨周期末端，注意风险
002627,宜昌交运,68.24,刚进入上涨周期，可参与
002628,成都路桥,23.91,已进入下跌周期末端，可适当参与
002629,*ST仁智,20.03,已进入下跌周期末端，可适当参与
002630,华西能源,20.07,已进入下跌周期末端，可适当参与
002631,德尔未来,97.63,上涨趋势确立，可重点参与
002632,道明光学,63.59,已进入上涨周期末端，注意风险
002633,申科股份,20.0,已进入上涨周期末端，注意风险
002634,棒杰股份,23.46,已进入下跌周期末端，可适当参与
002635,安洁科技,89.42,刚进入上涨周期，可参与
002636,金安国纪,98.31,上涨趋势确立，可重点参与
002637,赞宇科技,42.19,刚进入上涨周期，可参与
002638,勤上股份,56.66,已进入上涨周期末端，注意风险
002639,雪人股份,20.01,已进入下跌周期末端，可适当参与
002640,跨境通,92.33,上涨趋势确立，可重点参与
002641,永高股份,20.01,已进入下跌周期末端，可适当参与
002642,荣之联,56.37,已进入上涨周期末端，注意风险
002643,万润股份,99.53,上涨趋势确立，可重点参与
002644,佛慈制药,84.2,上涨趋势确立，可重点参与
002645,华宏科技,20.51,已进入下跌周期末端，可适当参与
002646,青青稞酒,28.3,已进入上涨周期末端，注意风险
002647,仁东控股,20.0,已进入上涨周期末端，注意风险
002648,卫星石化,97.32,上涨趋势确立，可重点参与
002649,博彦科技,79.52,上涨趋势确立，可重点参与
002650,ST加加,29.56,刚进入下跌周期，风险较大
002651,利君股份,21.83,已进入下跌周期末端，可适当参与
002652,扬子新材,76.72,上涨趋势确立，可重点参与
002653,海思科,52.02,已进入上涨周期末端，注意风险
002654,万润科技,20.0,已进入上涨周期末端，注意风险
002655,共达电声,20.11,已进入下跌周期末端，可适当参与
002656,ST摩登,81.72,上涨趋势确立，可重点参与
002657,中科金财,65.2,刚进入上涨周期，可参与
002658,雪迪龙,23.87,已进入下跌周期末端，可适当参与
002659,凯文教育,20.68,已进入下跌周期末端，可适当参与
002660,茂硕电源,25.8,已进入下跌周期末端，可适当参与
002661,克明面业,20.0,已进入上涨周期末端，注意风险
002662,京威股份,20.09,已进入下跌周期末端，可适当参与
002663,普邦股份,20.0,刚进入上涨周期，可参与
002664,长鹰信质,52.09,已进入上涨周期末端，注意风险
002665,首航高科,20.0,刚进入上涨周期，可参与
002666,德联集团,31.22,已进入上涨周期末端，注意风险
002667,鞍重股份,20.0,已进入下跌周期末端，可适当参与
002668,奥马电器,22.22,已进入下跌周期末端，可适当参与
002669,康达新材,78.79,上涨趋势确立，可重点参与
002670,国盛金控,80.99,上涨趋势确立，可重点参与
002671,龙泉股份,75.97,刚进入上涨周期，可参与
002672,东江环保,20.13,已进入下跌周期末端，可适当参与
002673,西部证券,20.15,已进入下跌周期末端，可适当参与
002674,兴业科技,20.0,已进入上涨周期末端，注意风险
002675,东诚药业,20.0,已进入上涨周期末端，注意风险
002676,顺威股份,24.35,刚进入下跌周期，风险较大
002677,浙江美大,89.9,刚进入上涨周期，可参与
002678,珠江钢琴,80.62,上涨趋势确立，可重点参与
002679,福建金森,20.75,已进入下跌周期末端，可适当参与
002681,*ST奋达,39.26,刚进入上涨周期，可参与
002682,龙洲股份,87.01,上涨趋势确立，可重点参与
002683,宏大爆破,54.0,刚进入上涨周期，可参与
002684,*ST猛狮,91.47,上涨趋势确立，可重点参与
002685,华东重机,20.0,已进入上涨周期末端，注意风险
002686,亿利达,20.35,已进入下跌周期末端，可适当参与
002687,乔治白,60.89,已进入上涨周期末端，注意风险
002688,金河生物,75.19,刚进入上涨周期，可参与
002689,远大智能,20.18,已进入下跌周期末端，可适当参与
002690,美亚光电,20.0,已进入上涨周期末端，注意风险
002691,冀凯股份,21.67,已进入下跌周期末端，可适当参与
002692,ST远程,98.26,刚进入上涨周期，可参与
002693,双成药业,96.12,上涨趋势确立，可重点参与
002694,顾地科技,20.4,已进入下跌周期末端，可适当参与
002695,煌上煌,20.04,已进入下跌周期末端，可适当参与
002696,百洋股份,20.26,已进入下跌周期末端，可适当参与
002697,红旗连锁,20.0,刚进入上涨周期，可参与
002698,博实股份,20.0,已进入上涨周期末端，注意风险
002699,美盛文化,70.95,上涨趋势确立，可重点参与
002700,ST浩源,94.67,上涨趋势确立，可重点参与
002701,奥瑞金,80.66,刚进入上涨周期，可参与
002702,海欣食品,22.14,已进入下跌周期末端，可适当参与
002703,浙江世宝,92.99,刚进入上涨周期，可参与
002705,新宝股份,20.0,已进入上涨周期末端，注意风险
002706,良信电器,57.98,已进入上涨周期末端，注意风险
002707,众信旅游,20.0,已进入上涨周期末端，注意风险
002708,光洋股份,93.69,刚进入上涨周期，可参与
002709,天赐材料,95.83,上涨趋势确立，可重点参与
002711,*ST欧浦,21.48,已进入下跌周期末端，可适当参与
002712,思美传媒,20.0,已进入上涨周期末端，注意风险
002713,东易日盛,22.08,已进入下跌周期末端，可适当参与
002714,牧原股份,48.61,刚进入上涨周期，可参与
002715,登云股份,20.0,已进入上涨周期末端，注意风险
002716,*ST金贵,20.01,已进入下跌周期末端，可适当参与
002717,岭南股份,20.01,已进入下跌周期末端，可适当参与
002718,友邦吊顶,51.43,刚进入上涨周期，可参与
002719,*ST麦趣,20.34,已进入下跌周期末端，可适当参与
002721,金一文化,37.43,刚进入上涨周期，可参与
002722,金轮股份,94.0,刚进入上涨周期，可参与
002723,金莱特,21.16,已进入下跌周期末端，可适当参与
002724,海洋王,67.17,已进入上涨周期末端，注意风险
002725,跃岭股份,99.41,上涨趋势确立，可重点参与
002726,龙大肉食,77.2,上涨趋势确立，可重点参与
002727,一心堂,20.0,已进入上涨周期末端，注意风险
002728,特一药业,86.87,上涨趋势确立，可重点参与
002729,好利来,20.2,已进入下跌周期末端，可适当参与
002730,电光科技,48.2,刚进入上涨周期，可参与
002731,萃华珠宝,20.01,已进入下跌周期末端，可适当参与
002732,燕塘乳业,20.0,已进入上涨周期末端，注意风险
002733,雄韬股份,91.78,刚进入上涨周期，可参与
002734,利民股份,81.07,上涨趋势确立，可重点参与
002735,王子新材,76.23,上涨趋势确立，可重点参与
002736,国信证券,20.76,已进入下跌周期末端，可适当参与
002737,葵花药业,22.88,已进入上涨周期末端，注意风险
002738,中矿资源,20.02,已进入下跌周期末端，可适当参与
002739,万达电影,20.37,已进入下跌周期末端，可适当参与
002740,爱迪尔,58.72,刚进入上涨周期，可参与
002741,光华科技,20.45,已进入下跌周期末端，可适当参与
002742,三圣股份,24.71,已进入下跌周期末端，可适当参与
002743,富煌钢构,97.44,上涨趋势确立，可重点参与
002745,木林森,20.0,已进入上涨周期末端，注意风险
002746,仙坛股份,20.05,已进入下跌周期末端，可适当参与
002747,埃斯顿,96.32,上涨趋势确立，可重点参与
002748,世龙实业,20.53,已进入下跌周期末端，可适当参与
002749,国光股份,20.0,已进入上涨周期末端，注意风险
002750,龙津药业,43.81,刚进入上涨周期，可参与
002751,易尚展示,83.45,上涨趋势确立，可重点参与
002752,昇兴股份,72.88,上涨趋势确立，可重点参与
002753,永东股份,20.01,已进入下跌周期末端，可适当参与
002755,奥赛康,59.34,刚进入上涨周期，可参与
002756,永兴材料,30.59,已进入下跌周期末端，可适当参与
002757,南兴股份,21.55,已进入下跌周期末端，可适当参与
002758,华通医药,20.92,已进入下跌周期末端，可适当参与
002759,天际股份,25.06,已进入下跌周期末端，可适当参与
002760,凤形股份,20.23,已进入下跌周期末端，可适当参与
002761,多喜爱,73.75,刚进入上涨周期，可参与
002762,金发拉比,20.0,刚进入上涨周期，可参与
002763,汇洁股份,67.7,刚进入上涨周期，可参与
002765,蓝黛传动,89.05,上涨趋势确立，可重点参与
002766,*ST索菱,21.14,已进入下跌周期末端，可适当参与
002767,先锋电子,20.24,已进入下跌周期末端，可适当参与
002768,国恩股份,20.0,刚进入上涨周期，可参与
002769,普路通,52.94,已进入上涨周期末端，注意风险
002770,科迪乳业,28.13,已进入下跌周期末端，可适当参与
002771,真视通,20.0,已进入下跌周期末端，可适当参与
002772,众兴菌业,20.01,已进入下跌周期末端，可适当参与
002773,康弘药业,40.85,已进入上涨周期末端，注意风险
002774,快意电梯,20.07,已进入下跌周期末端，可适当参与
002775,文科园林,24.35,已进入下跌周期末端，可适当参与
002776,柏堡龙,81.1,上涨趋势确立，可重点参与
002777,久远银海,21.95,已进入下跌周期末端，可适当参与
002778,高科石化,34.27,已进入上涨周期末端，注意风险
002779,中坚科技,20.15,已进入下跌周期末端，可适当参与
002780,三夫户外,20.0,刚进入上涨周期，可参与
002781,奇信股份,20.38,已进入下跌周期末端，可适当参与
002782,可立克,23.29,刚进入下跌周期，风险较大
002783,凯龙股份,83.96,刚进入上涨周期，可参与
002785,万里石,62.46,已进入上涨周期末端，注意风险
002786,银宝山新,20.48,已进入下跌周期末端，可适当参与
002787,华源控股,20.08,已进入下跌周期末端，可适当参与
002788,鹭燕医药,53.4,已进入上涨周期末端，注意风险
002789,建艺集团,46.5,已进入上涨周期末端，注意风险
002790,瑞尔特,20.0,刚进入上涨周期，可参与
002791,坚朗五金,45.15,已进入上涨周期末端，注意风险
002792,通宇通讯,62.94,刚进入上涨周期，可参与
002793,罗欣药业,66.61,刚进入上涨周期，可参与
002795,永和智控,76.72,刚进入上涨周期，可参与
002796,世嘉科技,20.76,已进入下跌周期末端，可适当参与
002797,第一创业,20.04,已进入下跌周期末端，可适当参与
002798,帝欧家居,27.43,刚进入下跌周期，风险较大
002799,环球印务,20.0,已进入上涨周期末端，注意风险
002800,天顺股份,83.85,上涨趋势确立，可重点参与
002801,微光股份,85.06,上涨趋势确立，可重点参与
002802,洪汇新材,20.0,已进入上涨周期末端，注意风险
002803,吉宏股份,20.0,已进入上涨周期末端，注意风险
002805,丰元股份,57.22,刚进入上涨周期，可参与
002806,华锋股份,20.5,已进入下跌周期末端，可适当参与
002807,江阴银行,21.32,已进入下跌周期末端，可适当参与
002808,恒久科技,88.86,上涨趋势确立，可重点参与
002809,红墙股份,80.12,上涨趋势确立，可重点参与
002810,山东赫达,20.0,已进入上涨周期末端，注意风险
002811,郑中设计,22.92,已进入下跌周期末端，可适当参与
002812,恩捷股份,20.52,已进入下跌周期末端，可适当参与
002813,路畅科技,20.66,已进入下跌周期末端，可适当参与
002815,崇达技术,42.11,已进入下跌周期末端，可适当参与
002816,和科达,20.0,已进入上涨周期末端，注意风险
002817,黄山胶囊,28.87,已进入上涨周期末端，注意风险
002818,富森美,47.98,已进入上涨周期末端，注意风险
002819,东方中科,74.55,上涨趋势确立，可重点参与
002820,桂发祥,20.04,已进入下跌周期末端，可适当参与
002821,凯莱英,56.85,已进入上涨周期末端，注意风险
002822,中装建设,32.79,已进入下跌周期末端，可适当参与
002823,凯中精密,20.07,已进入下跌周期末端，可适当参与
002824,和胜股份,48.82,已进入上涨周期末端，注意风险
002825,纳尔股份,97.14,上涨趋势确立，可重点参与
002826,易明医药,66.5,已进入上涨周期末端，注意风险
002827,高争民爆,20.0,已进入上涨周期末端，注意风险
002828,贝肯能源,22.17,已进入下跌周期末端，可适当参与
002829,星网宇达,34.08,已进入上涨周期末端，注意风险
002830,名雕股份,63.7,已进入上涨周期末端，注意风险
002831,裕同科技,56.0,已进入上涨周期末端，注意风险
002832,比音勒芬,20.0,已进入上涨周期末端，注意风险
002833,弘亚数控,74.93,上涨趋势确立，可重点参与
002835,同为股份,73.49,上涨趋势确立，可重点参与
002836,新宏泽,82.45,上涨趋势确立，可重点参与
002837,英维克,80.48,刚进入上涨周期，可参与
002838,道恩股份,20.0,刚进入上涨周期，可参与
002839,张家港行,20.42,已进入下跌周期末端，可适当参与
002840,华统股份,20.97,已进入下跌周期末端，可适当参与
002841,视源股份,20.0,已进入上涨周期末端，注意风险
002842,翔鹭钨业,20.07,已进入下跌周期末端，可适当参与
002843,泰嘉股份,95.02,上涨趋势确立，可重点参与
002845,同兴达,20.12,已进入下跌周期末端，可适当参与
002846,英联股份,55.94,刚进入上涨周期，可参与
002847,盐津铺子,29.94,已进入下跌周期末端，可适当参与
002848,高斯贝尔,20.06,已进入下跌周期末端，可适当参与
002849,威星智能,56.19,已进入上涨周期末端，注意风险
002850,科达利,20.0,已进入下跌周期末端，可适当参与
002851,麦格米特,20.37,已进入下跌周期末端，可适当参与
002852,道道全,20.06,已进入下跌周期末端，可适当参与
002853,皮阿诺,23.42,刚进入下跌周期，风险较大
002855,捷荣技术,99.37,上涨趋势确立，可重点参与
002856,美芝股份,80.61,上涨趋势确立，可重点参与
002857,三晖电气,20.71,已进入下跌周期末端，可适当参与
002858,力盛赛车,20.0,已进入上涨周期末端，注意风险
002859,洁美科技,93.04,上涨趋势确立，可重点参与
002860,星帅尔,90.93,上涨趋势确立，可重点参与
002861,瀛通通讯,20.05,已进入下跌周期末端，可适当参与
002862,实丰文化,20.52,已进入下跌周期末端，可适当参与
002863,今飞凯达,92.42,上涨趋势确立，可重点参与
002864,盘龙药业,95.42,上涨趋势确立，可重点参与
002865,钧达股份,20.06,已进入下跌周期末端，可适当参与
002866,传艺科技,72.8,刚进入上涨周期，可参与
002867,周大生,20.0,已进入上涨周期末端，注意风险
002868,绿康生化,20.0,已进入上涨周期末端，注意风险
002869,金溢科技,33.19,刚进入上涨周期，可参与
002870,香山股份,20.97,已进入下跌周期末端，可适当参与
002871,伟隆股份,37.54,已进入下跌周期末端，可适当参与
002872,*ST天圣,90.9,上涨趋势确立，可重点参与
002873,新天药业,46.72,已进入上涨周期末端，注意风险
002875,安奈儿,80.0,上涨趋势确立，可重点参与
002876,三利谱,21.4,已进入下跌周期末端，可适当参与
002877,智能自控,33.47,刚进入上涨周期，可参与
002878,元隆雅图,72.62,上涨趋势确立，可重点参与
002879,长缆科技,20.48,已进入下跌周期末端，可适当参与
002880,卫光生物,20.0,已进入上涨周期末端，注意风险
002881,美格智能,54.05,已进入上涨周期末端，注意风险
002882,金龙羽,24.8,已进入下跌周期末端，可适当参与
002883,中设股份,24.48,已进入上涨周期末端，注意风险
002884,凌霄泵业,20.62,已进入下跌周期末端，可适当参与
002885,京泉华,21.09,已进入下跌周期末端，可适当参与
002886,沃特股份,20.0,刚进入上涨周期，可参与
002887,绿茵生态,20.0,已进入上涨周期末端，注意风险
002888,惠威科技,20.19,已进入下跌周期末端，可适当参与
002889,东方嘉盛,71.78,上涨趋势确立，可重点参与
002890,弘宇股份,28.95,已进入下跌周期末端，可适当参与
002891,中宠股份,20.0,已进入上涨周期末端，注意风险
002892,科力尔,33.19,刚进入上涨周期，可参与
002893,华通热力,50.85,已进入上涨周期末端，注意风险
002895,川恒股份,64.08,已进入上涨周期末端，注意风险
002896,中大力德,24.52,已进入下跌周期末端，可适当参与
002897,意华股份,92.74,上涨趋势确立，可重点参与
002898,赛隆药业,70.36,上涨趋势确立，可重点参与
002899,英派斯,57.76,已进入上涨周期末端，注意风险
002900,哈三联,95.01,上涨趋势确立，可重点参与
002901,大博医疗,83.06,上涨趋势确立，可重点参与
002902,铭普光磁,22.52,已进入下跌周期末端，可适当参与
002903,宇环数控,56.99,已进入上涨周期末端，注意风险
002905,金逸影视,20.67,已进入下跌周期末端，可适当参与
002906,华阳集团,20.13,已进入下跌周期末端，可适当参与
002907,华森制药,42.1,已进入上涨周期末端，注意风险
002908,德生科技,73.3,刚进入上涨周期，可参与
002909,集泰股份,20.0,已进入上涨周期末端，注意风险
002910,庄园牧场,20.14,已进入下跌周期末端，可适当参与
002911,佛燃能源,20.02,已进入下跌周期末端，可适当参与
002912,中新赛克,41.63,刚进入上涨周期，可参与
002913,奥士康,20.84,已进入下跌周期末端，可适当参与
002915,中欣氟材,20.16,已进入下跌周期末端，可适当参与
002916,深南电路,50.61,刚进入上涨周期，可参与
002917,金奥博,23.96,已进入下跌周期末端，可适当参与
002918,蒙娜丽莎,20.6,已进入下跌周期末端，可适当参与
002919,名臣健康,22.58,已进入下跌周期末端，可适当参与
002920,德赛西威,20.0,已进入上涨周期末端，注意风险
002921,联诚精密,33.44,已进入上涨周期末端，注意风险
002922,伊戈尔,95.87,上涨趋势确立，可重点参与
002923,润都股份,20.0,已进入上涨周期末端，注意风险
002925,盈趣科技,80.58,上涨趋势确立，可重点参与
002926,华西证券,26.02,刚进入上涨周期，可参与
002927,泰永长征,20.68,已进入下跌周期末端，可适当参与
002928,华夏航空,54.32,已进入上涨周期末端，注意风险
002929,润建股份,23.38,已进入下跌周期末端，可适当参与
002930,宏川智慧,76.82,刚进入上涨周期，可参与
002931,锋龙股份,20.35,已进入下跌周期末端，可适当参与
002932,明德生物,71.89,上涨趋势确立，可重点参与
002933,新兴装备,57.93,已进入上涨周期末端，注意风险
002935,天奥电子,97.17,上涨趋势确立，可重点参与
002936,郑州银行,20.08,已进入下跌周期末端，可适当参与
002937,兴瑞科技,68.23,上涨趋势确立，可重点参与
002938,鹏鼎控股,66.23,已进入上涨周期末端，注意风险
002939,长城证券,95.75,刚进入上涨周期，可参与
002940,昂利康,22.76,已进入上涨周期末端，注意风险
002941,新疆交建,22.78,已进入下跌周期末端，可适当参与
002942,新农股份,32.74,已进入上涨周期末端，注意风险
002943,宇晶股份,70.52,上涨趋势确立，可重点参与
002945,华林证券,20.13,已进入下跌周期末端，可适当参与
002946,新乳业,21.99,已进入下跌周期末端，可适当参与
002947,恒铭达,82.07,上涨趋势确立，可重点参与
002948,青岛银行,20.26,已进入下跌周期末端，可适当参与
002949,华阳国际,20.37,已进入下跌周期末端，可适当参与
002950,奥美医疗,82.27,上涨趋势确立，可重点参与
002951,金时科技,20.0,已进入上涨周期末端，注意风险
002952,亚世光电,33.0,已进入上涨周期末端，注意风险
002953,日丰股份,69.12,刚进入上涨周期，可参与
002955,鸿合科技,83.15,上涨趋势确立，可重点参与
002956,西麦食品,20.0,已进入上涨周期末端，注意风险
002957,科瑞技术,96.02,刚进入上涨周期，可参与
002958,青农商行,90.36,刚进入上涨周期，可参与
002959,小熊电器,20.0,已进入上涨周期末端，注意风险
002960,青鸟消防,51.22,已进入上涨周期末端，注意风险
002961,瑞达期货,89.24,上涨趋势确立，可重点参与
002962,五方光电,91.59,上涨趋势确立，可重点参与
002963,豪尔赛,20.12,已进入下跌周期末端，可适当参与
002965,祥鑫科技,73.02,刚进入上涨周期，可参与
002966,苏州银行,20.22,已进入下跌周期末端，可适当参与
002967,广电计量,29.68,已进入下跌周期末端，可适当参与
002968,新大正,79.45,刚进入上涨周期，可参与
002969,嘉美包装,21.65,已进入下跌周期末端，可适当参与
002970,锐明技术,78.32,上涨趋势确立，可重点参与
002971,和远气体,20.24,已进入下跌周期末端，可适当参与
002972,科安达,50.74,刚进入上涨周期，可参与
002973,侨银环保,23.88,已进入下跌周期末端，可适当参与
002975,博杰股份,55.7,已进入上涨周期末端，注意风险
002976,瑞玛工业,21.04,已进入下跌周期末端，可适当参与
002977,天箭科技,24.55,刚进入下跌周期，风险较大
002978,安宁股份,93.67,上涨趋势确立，可重点参与
002979,雷赛智能,59.85,已进入上涨周期末端，注意风险
002980,华盛昌,97.92,上涨趋势确立，可重点参与
002981,朝阳科技,45.44,已进入上涨周期末端，注意风险
002982,湘佳股份,46.24,已进入下跌周期末端，可适当参与
002983,芯瑞达,91.54,刚进入上涨周期，可参与
002985,北摩高科,20.0,刚进入上涨周期，可参与
002986,宇新股份,$score.score,$score.comment
002987,京北方,20.0,已进入上涨周期末端，注意风险
002988,豪美新材,32.64,已进入下跌周期末端，可适当参与
002989,中天精装,$score.score,$score.comment
002990,盛视科技,$score.score,$score.comment
003816,中国广核,59.51,已进入上涨周期末端，注意风险
300001,特锐德,60.42,已进入上涨周期末端，注意风险
300002,神州泰岳,29.61,已进入上涨周期末端，注意风险
300003,乐普医疗,20.0,刚进入上涨周期，可参与
300004,南风股份,20.11,已进入下跌周期末端，可适当参与
300005,探路者,20.0,已进入上涨周期末端，注意风险
300006,莱美药业,75.38,上涨趋势确立，可重点参与
300007,汉威科技,78.06,上涨趋势确立，可重点参与
300008,天海防务,20.0,已进入上涨周期末端，注意风险
300009,安科生物,66.0,已进入上涨周期末端，注意风险
300010,立思辰,27.51,已进入下跌周期末端，可适当参与
300011,鼎汉技术,20.61,已进入下跌周期末端，可适当参与
300012,华测检测,51.58,刚进入上涨周期，可参与
300013,新宁物流,81.78,上涨趋势确立，可重点参与
300014,亿纬锂能,78.43,上涨趋势确立，可重点参与
300015,爱尔眼科,20.0,已进入上涨周期末端，注意风险
300016,北陆药业,20.0,已进入上涨周期末端，注意风险
300017,网宿科技,75.94,上涨趋势确立，可重点参与
300018,中元股份,57.06,刚进入上涨周期，可参与
300019,硅宝科技,60.18,已进入上涨周期末端，注意风险
300020,银江股份,63.84,已进入上涨周期末端，注意风险
300021,大禹节水,20.11,已进入下跌周期末端，可适当参与
300022,吉峰科技,25.63,刚进入下跌周期，风险较大
300023,宝德股份,20.0,已进入上涨周期末端，注意风险
300024,机器人,92.42,上涨趋势确立，可重点参与
300025,华星创业,52.79,已进入上涨周期末端，注意风险
300026,红日药业,82.71,上涨趋势确立，可重点参与
300027,华谊兄弟,23.75,刚进入下跌周期，风险较大
300029,天龙光电,77.02,上涨趋势确立，可重点参与
300030,阳普医疗,88.58,上涨趋势确立，可重点参与
300031,宝通科技,68.03,上涨趋势确立，可重点参与
300032,金龙机电,20.54,已进入下跌周期末端，可适当参与
300033,同花顺,49.38,刚进入上涨周期，可参与
300034,钢研高纳,25.92,刚进入上涨周期，可参与
300035,中科电气,66.68,已进入上涨周期末端，注意风险
300036,超图软件,87.19,刚进入上涨周期，可参与
300037,新宙邦,94.35,上涨趋势确立，可重点参与
300038,数知科技,66.43,已进入上涨周期末端，注意风险
300039,上海凯宝,88.85,上涨趋势确立，可重点参与
300040,九洲电气,20.51,已进入下跌周期末端，可适当参与
300041,回天新材,87.53,上涨趋势确立，可重点参与
